Name,Tag,Server,Region,puuid,Key_ID
hidebush,3333,br,americas,qenZti8E3vdOTqOKslcpdiWUn0MYf8TcP5fukXrOhLVfg1nvVz6UtbSprooMihR6-gWYQYpskRUw4Q,9
The Kid LAROI,RVNG,euw,europe,i3KTHtyKrwC_mDjVz_0F4Qt3HeoTdgROMW04JUq30NuETuuGRtbTU3cNaoBlz-koQMV-vYXjSj2nog,9
Zed Abuser,Zed1,euw,europe,vZPCpi_Vxr5gVXFg11j5bY1ypT0owJH7kjB0CeVbyL92sJ-HUiju9Hkmdh92sYzOq8UUoHstdFHB5w,9
Zhane,TR1,tr,europe,qTGFQywkQA8SmxeA99FDj2MCpSBXR1XyLRBsO3dmCgV1U9MPicM9_dNOup0rK2Kf0LsXKtHrBDM9Ug,9
CEO DO SETT,Duro,br,americas,PS01hMxb3Fm5JJdv9bNbh_CwH8eUoQ_Fc1PaBrDdAoPIaHIhNr8_pDL8L9GLHzAWBFhjQTP66OCayg,9
watsonN,LAN,lan,americas,OHvdW2eG6uY9J-i1IojqBnF-d86inYrm4FWoziF8v9lKLbT5v0W01g4qzMBni3FckO31xUV9pzcolA,9
Hide on bush,FKR1T,eune,europe,Nv5C8frCGlqowldZ5E03X9fpHEEVD1-vgvREJ1nhm0aXlTSjQT5INOIoiKlEJCfTFlIg0CtGXxrEWA,9
Zolctor,7355,na,americas,y5Q4srVZF-fuyhvdHS5NRfWr6zJLv7dQy6T2uq11kfIWe3u-C4MrSA3mMOifNrCc4N1_dlx_Im7w_w,9
shamoluotuo,003,kr,asia,Iavj7c4HhS4y3TugZ5K-tPT4ew5U4YU9yUenS_YrVhlTGpYHtX8Df-wxc44gWJhN0ezbq8uheSD7uw,9
U Never Loved Me,anna,na,americas,fHpoJvAcq-ECRkKPxSorR3DZO6fhiLXbDKzLdbjzd6BYJIFo7wYa95JHEJzRZajOZ0tXXc-LdTcKFA,9
Laik Atak,TR11,tr,europe,lkTwkOBU28sU2gbSRBUVCRt47bBAAOj7DhrZbSkJRoXiTANbCcFI67zhglxQQbNb92GIfNAIHGKx5w,9
GJKINGS,NA1,na,americas,KB5Udc3C24KB5Ap85hCgol7ICjlXyTyxHMmYkrTMWgwJPOQQRyFUouz13qiMaH4N8QEH_q6sLWYVvQ,9
LOVEBALANCETEAM,EUW,euw,europe,6-JNkv0cEcLPkgmaeGBLwnktH0i85EV1zxcmsvuRlL8VPdDoWNzAtRIeKnfO8LRPstGiSvqHGFTKrA,9
SUPERBEE,1234,na,americas,bxemrhbggMMlkqixHI7q5pliCQs-kWXBi9fqILU0ExjP22ZfGUfC7EN_1k17kHY8CpMpdlm3ykgOVg,9
I Have STDs,66666,na,americas,rKr8j2I9PCT-fsLGCL8TV96kRN9TSxEIE1xJJ0xG65pAURrilAHvD7N7hPwEhUk-OdUMMjxynALmHA,9
Pemdas,NA2,na,americas,Ns-wURqD9UPXflmNgcOvFlI2y1rI2D6uNHMO65ARcpiBIf3By9UdTkI0tsjPIJiEBCSY8OcEW18oQw,9
largely skilled,NA1,na,americas,FWyVe-jkIXjpx5l5B3IQokm7oOXp5rMup5q0j46cl3SIPtaDZQ-hnmZFGfhfMokdD4BSrXuxulc4dA,9
guaguaking,2000,kr,asia,HVAFKaN43ECV4EaKuIN191mpCpqB4tvTwvDusA9H4dwi1YE8EPbJr32fAIIhPsfV-3VLGV1H4ERTBA,9
nebesa,0201,euw,europe,eJYOuOsniGLS7a0E7FJo_S6dRARNCOoG9GhzlWKIguXWjxHtMeHTXCiXio9Bynl7uPhIncFB5BP3Xw,9
cheer 4 stonedyr,EUW,euw,europe,JNEirrDBAE4j-BhstJQeBw2RwIQcvWFkhLKHHrnm2GcYcE-Pp_f0MRsJVIJPqkYrqEktnQAtM300nA,9
Driblekongen,EUW,euw,europe,HXKGaSkyzSirKU74DeDbS4PL1IV2sxUKODtEz7iC0zEzeZN8DyDXGvMOeABxvez8mSnmMmSc6dISVA,9
swag otters gang,EUW,euw,europe,arqlDea_CODCP9RJ44aiVINjy3HQXBbvwjoEXB5qIuTMdfw6iw9U5-pXSMoTOl3Ag5nZ6sQuEHVUYw,9
NEXUS2017,LAN,lan,americas,fRy8TLaPCX6iKCc5_qkPf86gHFO7ONosq5Cu6GaiOAlYbwVrPQtxu5w5yWbj4HKPWe-3gBPrQhZORw,9
nikolav1234,EUNE,eune,europe,yIW1q3Ew-jE01dfHyh0I5G9XSZCmxf8CspkEXUOgABKycPuZ5jROMRyIw_rXsRH2oOIDA9i-drGtXw,9
Natures Wrath,Beast,na,americas,wJ-wsQON4Jbs-8LoTVNZo9-nCmLfFrtfCsYRRj4mUCE9HzgzOSvG0Y_fCPD8Ab9idVk3ScVoCs40Ww,9
Mori no Kage,1015,lan,americas,cP8lY0xACWQtBBBIKbyYgd2OY-tC22RAOKB2qLB-dKBNuCVHKMiEuBRYBNuKLiI03i6jpZI6ka0OOw,9
Verdict,9108,na,americas,0Mb2GKcBlBQ_LUdpF3gA9GYFoAQXPHZdY4C1ho6mV34evvUD0nsC4eBrhCpUOkJIkxCN6N90QiEIAw,9
Sander Frost,Cold,euw,europe,jgs1NIR3k7F1AaOQBdf3lIE62FMgnO28mq4m2uhFOn_QTgcMeT71I_us__19e7ZTQplCQXsVIMtvog,9
MATUE MUDINHO,br1,br,americas,DOMfgz2pg0TnHf65Z9S_f1QvxZByoBo7p0raIx78zPl9vSJKZkc2pCN-wpQLUW8Mu1WR7SUV5oSRBQ,9
fraze,123,euw,europe,yyIFOIqflXat1zau3hwqxV13n9LgN1KSfOy_Odwo_k-zA8NUExnKZL089ZpjuJX8Hj3HC2TULMK5jw,9
VoidAvesta,EUW,euw,europe,S6XGVHf4FwKTI1ZU4N4xrca4HANQWBvH41iIkN2ELNO5VBPWNROC2WyUVx7Vg-KmRjhRzLcLkulKEA,9
L9 Dr House,MOG,euw,europe,w5r94KHjUqsmtGzK6GOtbr6E2TAl1DDS3EpDL3dhu1IoTZ5iApCMjnW82ds3xFpJkXvsvs-jWPAKkg,9
uZmn,br1,br,americas,Ks8U9zuB9bZ87wEZs8hnunXiKoWY6hH4_5qhqXVrFkqYm6q1Z6pKhCQCv6Y89BdsnGbvbGBD7t_cQg,9
Nehemmiah,Stoic,br,americas,QuA3AEd7FDTsT1yGqLROqJtT0g9l9RgKmk6VgTjvGdQVUr-4l5wEsptoCuXwYx5g56Un9o-7UGmz0Q,9
White Boy Summer,777,na,americas,hYmP4CAXX_q2bax9r3L_7LYvOdn9RlsT7ttEA7JGPNgNiDvKUyQIM5JuO2DM0fQJwLAXbE0NXeBA3A,9
Aekino,AVEL,euw,europe,DkjNBME6G3qXayFW9SFAiWcdkq4fRD6mlg_FxpDx1rJItqdw0pPWmA8T__vvb3o0YjhZUwgB496Utw,9
BimboBomba,Lain,las,americas,iOujNUJNE1K6zsHfipcfIZRsPE3oceW-ZnbwwW7F0TjrqUB_U-VKYtQqpEzFD_z2L1NE_xpUiuZAJg,9
fushen,Godyr,tr,europe,BPrIfYcXVWWBVzrWBx4ztDC7CH_X-i_IHgUcSWNUK0fyXzh-KyntdNzuB-dzXfWotNd6lo3FBIucaA,9
Covenant,zLSDz,eune,europe,ZZVN4VGW08zna6wPfoQsGctuyrNoUJ5tBVESUlbSweAV7zx4_ej49VzMTL3PaSG02OvACHRx_I1NFQ,9
NightyNN2,2222,euw,europe,nCRAkN9rsocZMHOLgxPPUSJz7tw2NyC0q5YC7yB_Rldoz2cdd8i12J9hvONTqFV5uGUsFFvWM7vhqA,9
Fat Cat Owner,NA1,na,americas,LLiXx0frW6e2qH-n3uvY0cyjdtz1R9EwDIRj71dFFap27Q03IJ_Ht3zLUB16g6-Oed8uJKbOYwb8gA,9
Khargon,MKS,tr,europe,qy6prX-HinmI38f0pdHbhuSaNthr4lXubohXx13-ZGIGk28bJESuHiyPJr46j24QEDit0G0u7f4LyA,9
Narkopolitiet,EUNE,eune,europe,IJC9RFja7wcS4y39Hb_P445LBVCuETPGRc4MlfclreoA03kuG1mGObgqitF-hgvnHpvHAKZSocdZXQ,9
ElmilloR eve acc,GORDO,euw,europe,hXlBFXqLYPz6mFmG-3i7W1rMyr4YqU62tZvuupwNOqKaKhiuivrp-OhP-QiYSIFC2t8Uq7kvOwMZlg,9
Lenny from,EUW,euw,europe,tELaLdVK7Wv18-Qtt1v3fzi-KIVRxJSdBiJThpGvYNhUmt8Eh4YTvAiLSaJTXF9BoA5KkOM5SYd9kQ,9
Cleblorelm,9911,tr,europe,1_RS1lFroGwaZs2iq6zx76vmMG0lDA0JnknrBV8NBw-qTOKazOJs4vrIVPfPYCNrmZzGhSgdsTtkLA,9
VACA MALA,6969,las,americas,Nl4J0ODnZEArqMABupoU74LqmE41AvAZNLTQSgvgmjRZsowDUM1snPBE8LzDVJX_w02-caZ68U2XXQ,9
Venus,zypp,kr,asia,A5xEFG19lz-vYfwrMHuGwqz13gFUyIlA1UE1qxnMm-z6JdmDgMDlqwD7b0PcWfXuZ-cBU3c4BpiTeA,9
Dtownkidz,NA1,na,americas,ZJYKS5fF8uZeQFTwMAxag2eilYnkPU_MYBtk5mlBnY6-YqzJpbZ-a_I5H8iRInXFZaM59W6T43lkCQ,9
BRAZA,Udyr,br,americas,xtJ7vzHcl_rC4NseYHzpqqdh_2sSvBCgI6wW9g4AhI0f9mG9Plnb0FGcSYCbexiUctCmvt9mFfrcfw,9
Cimension,LAN,lan,americas,1Z9XcbMRyWHCOOZKbVYFT1OnZIkXva4V410CIhees2eFUhYgpN8Os3AgfkjQxlJbyDzJWy501fSJPQ,9
MeEnvenena,888,eune,europe,sL_1uk-Zac67nHGhSlqbFJAGyJnxRcfg5FyMHAU3rcl7FtpKSFkPl4gkBowKFK_0tes1PCbausQNsg,9
Legends Hunter,LAN,lan,americas,jz1FjtXemdYIlTomK1ms_ykNS3jZBiEJf0zQfR8YQ0wxrZkumoJtuaDTHaUbC65qHTftyzcMpV5qFQ,9
lasthiro,LAN,lan,americas,AEGVPleliswqnw9kdoFbjrIC5yc3bUP5FfyvItnygiG7ReQWwajuLxXtqyX-NezGdwMFOIwhdT_T0g,9
Dragowski,034,na,americas,RXSxgWuKeiYgGg26X6tQrXNZJtY1nW6B24GQFee6QGbeeLKB-bPJsAHbNbs3MjV8pW2uadzQxZHtPg,9
The HalloweeN,Hard,br,americas,3x9GWwRsWqXxlqD3Gse3TLENPn0BFKEMx01zy3v42l5OueEOoFadjnXyZQXyCG1xEzp35TYkF0cfQA,9
MACHYMEK,NIlGA,eune,europe,FAmmIWlYb-L3Clc-otIIpD1Pp_cUsz1zzzB9veEtalmas8gWRtouBDoJPMyhenJlmSHfzBcL2X08Rw,9
Homme Poireaux,POIRO,euw,europe,MhmyUy1R5mdDL1u37qKP-DXn_p9sTrgptYCw8a9grA5bUwQkOKT0Gt6-1D4Gr6VsOOApbr2GiigxOg,9
nutellita,0000,las,americas,qcZbfzbXcVdoev8RpDNoZlBoPIG9websFZcBTmzIGY8ENqgkixeX2vSy5_c688fo_b4j4SYmFoIYqw,9
Kreve,lol,euw,europe,vIAfbvc39zY7rWL831NVXDIkX7-OLQa21yBnKWcU0sfDw0XJU-7m-jDgV_7njQsmvv8zP-n2F8H0Vw,9
chronosrope,LAN,lan,americas,zhHpAWLiWGYkgzpsfv-UBg93_yBEjoTEy4fie1pbYenB4nzDH6Cj3VxLnYI-hhtlQLqypMccZRbUXA,9
Urtan,EUNE,eune,europe,opmtlbwf_Nv2R9GQtbZpkXwN9SmWUgnuSXGj14cpfRXGTvz-bYSkLa94cKFv0dOAqE5y2oqgUppUNA,9
Daiwiky,br1,br,americas,GR6kngl4qqyd5IJEtvg26YeInZ5-iQTTpOD-17WuEqGSFUAgqzZkqbeOZz0n_EWfSj-q354mvw3KOg,9
Oldnamao,duro,br,americas,7RrzJOQxijr95nQK2MbRtCpV1T8I28GpqS7V4wq3hTiVNIsuTFKaZWVWutZnIUbmyuEV2L0P3jGSaA,9
Udyr Sz4r,CGS,eune,europe,vM_cuIMoVQEaYvf6hVaZZXVP_LjGd1nnY-4-0VsskXBK6VapJhLc843-rTawVNaejAu5t2gw1F37JQ,9
Hide on Wave,Nuuko,euw,europe,KKIhmd_nLPOe6oIMCnphWYO-S6zwnFJddgsVezFJlqjg3pByaHPXSXh7RyPyxpkedMLdjaheiIJl0Q,9
12Months,Year,na,americas,bUfHE9PB_YtoPYAFPjxKq4-qhN7ArzUGrfjTrEFcrWBoYwub25mo53ufxzO4rNKg4Em0K-4ec5Gwdg,9
WingB0rneStorm,GODYR,euw,europe,fOxzawyQP2MLc5dnfV55r3akBKyly6nySS2xAfk9UkrWGbGqChOKUdzirittdZFhsZizFECutvhM2w,9
Utchomfor,19495,euw,europe,BWNBTZ4pmleBTW5qsdq_9mmboXCe_ICdjX0PAQVaIm082C9FxVjdTSWvS4vMLgtDJORadOm4eNcOSw,9
BornToDemand,888,eune,europe,fxbFnV_MdwmSe4iPf9K1MVbCnj4-H_CcNRcgbQriypc7M9ksVJL4gxol_CH1slYd3Tw7RodqTyiggQ,9
Seal,7415,na,americas,QvYi70HPpF6LbcarU50ruO0c--DKQZQsUKDVkpq934Iqh3-G5BNNwdsTo_XLpxgW-ShqOsTYpndQLw,9
MMT Braza,Udyr,br,americas,OuJWp8X-z9l3CWQ4ZMEM1LkhgVDunyYvDauomVwb1W3iE5oJQOh5JA3MzYzTmpYRAznrjanPSVTs5w,9
Jordan Belfort,GOAT,euw,europe,HwU_q_eb-0WK-wWosGxLsPBpQwtVFbaGnDHDAFkQaH25JCu9hTmSLuGb8gWE2uv6UaAoQ5gotguOfw,9
fortidragon,1033,br,americas,1FCmLF2xb8HHI29X7XME5e_IwjdLA34TE7wvT0G8vCwajVJ6Yscoxn70WHnP_hUTe2K7p7n909cPHw,9
Kemso,EUW,euw,europe,13CjsqqhM_rkkXPy3m-uT00YMX-T7zLrrUWwKTB-lhiPrQViNR_XTyACeYmC1zrWuwZZ52Prw_6dRQ,9
DeathShott,LAN,lan,americas,mYB9XkopY9jwt2g35vJcOBZrhMiqLwaAqNeb5GgUJqDG0fG_RM6rHHF0eS5AgstOFhitTS1FbL7Oww,9
TPT Casanova,LAN,lan,americas,8qPIpAhmKwYaBcArpjchVK4b_Nz8fw_9p66Y0oZIZ9zzAKt0byS-GxVLci5N9HciE-8GXpO7ArQisQ,9
taru,001,euw,europe,mOt2XBAcBG2UVFTxJKvhcKJ3IzP5kzmaHmH5o_62TdiQ_0npGUyM8aIPWC9gxKPC23RbuYoFNbpQWQ,9
Daydweller II,EUW,euw,europe,MzxSV0j5-g2LmXiuY1B6nx6Beoaq42tTL5OukpxMoj0VTaYB1lEVoaklSnnpgC0jvPOaDvzze4jwRA,9
Paradise City,YNO,na,americas,Q-EX-B_9rNjux-Sm0CtGqirSz_K_mCzFVqyNcIvyTqsdoXRGk8ctBqwZiaX003ZyOaaXKPNKJ9kxzw,9
Fanell,TR1,tr,europe,vtDRTUiZl3jI2SReGJH2m_40txANucv8kBcMeZI8o1tZ7aPec69G5tQzO0hjr3AncYX6WKKVzv4c3Q,9
Promised Future,Suki,na,americas,zO-oFBoaUtZdtAXMFgd5aE03snM8CrTt6T_fZlvrW2_s-7IG2yHhHW9Z8XHuhNO7OQpyvWJ-k3tyRg,9
Whitelies,tia,tr,europe,b5JTXaupcA7d70rafNMRv3iWezdQYyPSsVwYAsqfdroJ029e4NauswBHmfl5nY8VgF-1XRteo9Tf7Q,9
TRC Nidalee,LAN,lan,americas,LrC95QkPz6w5AUiMsSJZ5SIq-IC0pcIyc7uSc59KHyFTD1Li9tsIwKKJSm6WwXkB58YwsolUQ7YiGA,9
KEVINRDC,LAS,las,americas,OnKqv6Uy8wkN0AQHPBT2x89OhEjwrI6u6BG1pqauSM6-nzaoYovTtYIl5JzBD1Fb4BeWmW30NDXNzQ,9
L9 RONDONUWU,4888,na,americas,nh7_ChZJ5DWCXCXrDZTLYz1rmDHzB5MKH3jNa2tB3179bEdFD0-8lv5l0uC5i4A_TxpvJrwlGiamFg,9
KleinBrein,0172,euw,europe,aTuXA0fobPUgEfWk6Fg0YjnU376eUgghb7Z2U1W-JVM0P8m0EvBSUr73bKr8idnXLiAHg0t4z4BCYA,9
DS Spirit Wolf,LAS,las,americas,_7f1XzYJ8p_TZ8bnSwyvQaCz1JXAqkrV67J0TkNiW-BXFHHhZCKDTAoox9hQwsOOl-a1qL7N3d8aOQ,9
Zilean OP,pihir,jp,asia,hjlxLyieXDTl01pWeSYwPME16St5Qnq8D6vgJEDx7_BLFUOm3FY6lFfuksItG3SpmKsA9uqXYboFew,9
Coach Cesar,NA1,na,americas,vsKXNkuJfjcZmKR0bvnuZpEw5y2j896MujVfuiyNCNIZBCxgUw4IK5VziAlwIj3J4Gqf8NVYqRB8gQ,9
LEVITICUS,0000,na,americas,tKx0gUkwvjQ4x80voU4VmuWSi8oHiQWdVaSW4eIoBhjglzcO1ot1waFqibpW2nWFoWuvxaSJT4JggQ,9
CanPauseAlbino,Okami,na,americas,c7ce-tCIKiwt9qBjzY7V-XniBWMhsRxdSWF1_yout8ENuxyN9wGi3LzXYyy0vB46u4mvN6UmA93Brw,9
Crazy Halil,TR31,tr,europe,vLi-8y-9jnrZ66rcusx1HhJdpomc9fANLsBB5vAxqUq3aTXNyVgPXC2ZLWxkqSR3Sq9Lma6LOnMHkA,9
oh tengo suerte,8276,euw,europe,7s_6kSCU1pc5hO0-u2KNTzw6eG8Wdg_9Oyq4fgZkN_EX3RFq0MkNfwdht_NGU-OiMdnC903z982JiQ,9
Giisuka,poop,euw,europe,fqMtJ25GX2qbmVrJtG4xBn60eNtDZ6w1rTcZhJIYZOOUFBvW6EllhMR98DNMYonqbVVqgRCR41rDSw,9
36L9,EUW,euw,europe,m_xKolO7Otw9Ykt5hG2i0tHMi_EeCddS-xGBLuWrYD3g8HJNCGroPzcxfqVam1ZCuAa0YnPTBhKbSw,9
Jellyfam,br1,br,americas,RmskMPlGGPutOvzRpSScMefAZiFEnHwgj_P1MW1wsAjDu6xk6W90I1Rk3k2q3zE_OLgKelr9cmJrxg,9
Zoro,ITA1,br,americas,w5VGjP8IczJbayt47jt4EubFHhHnEkeX3e72k7fwfBPTD1lYfy5BLcBEmExF6sxCW9y4ugskNucIQg,9
Pernambucano,X9ZAT,las,americas,AGxg6ha3vPzpgPAiuN7HKxgS28BtATja9GVNEh4p52UVruHnT60tIbLu_u15yzZpBYSBsVdkeWIV2A,9
superpandafan37,NA1,na,americas,dwJmcz7MVR9MV648m8yAIJAP26rkMLKjTU1IMdVKBzKi9TOjDhMoEmyxjH9KvtP1DsjDeYwyljiyGw,9
Odjebiesiezaraz,12340,eune,europe,-aprH9s96OoCc7M95sqC2uYGRF9Npi0lY2gbWQ9IxCV9xzYxjHoDHHtD4Dx6YNbGwUmKsUeshQ92Nw,9
GargantuanPPMan,EUW,euw,europe,0HXNOZ0L29-ak3WQYhlDPPTsRsTaW5KKRb4K8oQxVq7qNi8BwBbrG0h6PjobXQOF4m7dU6DMXHfJyQ,9
Samallok,0001,br,americas,puUVzFzN94yB44B1q_mKTmVCoHx45GBrZw65cFf-y3ItzMU4HMMLqQuXMrDvBR_-VJMHUDVLjV1O9Q,9
Gluttony,Tony,eune,europe,J8wc5ZGtKhvMitt1zPvghjE9rPupbqJ6V38l4M1HG6uyatcyo2hMHCJDh7OtGL2ZbSAW9A7e2fov_Q,9
zurky,LAN,lan,americas,bfXSQimLG3cy_bslhxSmPRvjQY7VtJoKmtX3ZK4ncOU0hbTdsNETyVclxjnwA0TBaXwEtnXN15QOMA,9
TuranKing,TR1,tr,europe,iVtIjzsDMF9M0fLq2NjRM_OOEuvBTHceVwNlVrgy8AKJS1uWpvyGqMO_camuboieWNru15bwXfOcTA,9
PEPE ARGENTO,0000,las,americas,UgxoLj4fnAioONcORymo-_4LWVG76L-eJiy4zM6qGY0b1mSM5L7xB9vhiT_9dxx4QiPgKrEIugukhw,9
Asta,TR118,tr,europe,NkR191-m1wBBMKK8LRnwDhVnvGJcVMGTtQbT_XC-4bK2zB3if4lkLfjmGd4SevKJt_7-rL5fcUEBIg,9
Clunderson,NA1,na,americas,g_3aYUM6aMk4e4uk4tYDW8k5rN1KCrpVOqflgc33PRDfKAfQNDWe2bJQCynjJhVaEdIGkT6sKGr1hA,9
99872843del,KR1,kr,asia,bb3nTA_6ewjcgpUYFdAX-hngS4jvloCIXdsRr7OIA_99XvAQII9--qkhtQl9m6NbqoUEX1hawsMOCw,9
Bobo,9132,euw,europe,VOnFWjrUu-2Vhllq2NBVFU8DzXTkBhQs1hA1axVj9N8Mvh54F_Rqgs1LYDEUYN8Jz4po2iBx1XA1Lg,9
Madhusito,BBTO,lan,americas,apsLIaiK48Zdi8ncpY3_rzMX5AkmGohkQjXi-_qshE05ZvlmsbLFfjzEQgRLGIVGNwwS5cM-9QPzZA,9
TTV debster,saj,euw,europe,mVUlNwe3lZ3Zu1u7T3cX42CVDy9dMIr-ygyRjrELMvtHhVFlvdFcAwINvlhjPNzIVKIL8FWeKYB2dw,9
xia1,11111,kr,asia,eMBJUYCqnmQ8tP_3OsWkwZSaxGXRuP_n0G3263-5xTEOLD5-mUCeUB5h45GFodeb84h5WKLE8U67tA,9
OnlyGragasOnlyGG,kossu,euw,europe,UoJZSIzo8dK9r5uRKhzM50KFCw7iV4cRSFDRh0U_LWVf1-xHxzi-84BP1R37xbc-7d7SLcQ1wCxJ8Q,9
Fellan,KRAMP,euw,europe,0C026WHTc_zQtOsG8P9iKbjo_qsiczfgYAHDJb-il9Gu0ANX7LcBfxqqkYNJDPCqgJp2Hy26dZILJA,9
LovingUisSuicide,MK677,eune,europe,jTBQ2OfLMWRBqIjS1SDcsZcgGFbxcIBt55hmQVYOAVF3lk8XNJjpj8YUc0WMHjjDmeJMcJKL76LV6A,9
PanuGragoSloppy,KR1,kr,asia,6eyW2KqjsU6b8B7-TUF0MWnCW-7ZAvncraClG34ZhP8Skcsfv6XFPU9yKz7ePpOX33vx-9oPYp7mog,9
Llioz,EUW,euw,europe,fmwck-GTuRTbAoHfe2nSRFQ0U1yHuZVZg3curj78Et10TmrJMMbxJMmuV01Vc6aowjCIsVo2mFWdTw,9
lLeDaSl,EUNE,eune,europe,Api81udrCMXNhd_XInn520zmfOeqYi51DYAIT5-0TFHS1OMkd4i9qkh4qCJzMQXDoPaQGtjaAI0qRQ,9
Noksu,404,euw,europe,rvk4Vy8c4nwEdqmwuQpg8XNQj4j8ynvwPrM15RUIqHRw4ldLFnMWt9IgItDaxdgz0hJ224wJ3mSW_w,9
mary on a cross,TR1,tr,europe,H8FJ3cga3CaGBr1Dg9SzKGAHK58rp9u8NGB5WLwldM4IdeBNSoqBfFna4-8eoLUwnPgseyQF_N96Ng,9
deor,1122,br,americas,eWimOQ1bditFXhvuOlFmpty2wgiFK50y4Ef1rOYitTknJ_KgqT6zkcMJdYINXpdgj6gXIBWwB2RzvA,9
LikeGGBOOM9,KRR,kr,asia,Ro2tHBS1imUawRY0Dd57i134fZgfKfz8Wu3miR4X0bNXJHAru85XtVxVSu1knI9Y0cmvfa7GSP-4QA,9
Ellie,tgirl,eune,europe,kjpuNeClZ7VK0MSqz8eMoCuQD206xdep4H_RIBG_7Rz24UViDO9bxEQuSdKSDyGq7bTmo43ACwyetg,9
wokyeto,WTH,eune,europe,gDiSxBMrEnhaxQBhZq3_yTC8UryJUd3T1_tSoMlhZOLWvWJkJHBvPGTysQUc6lecKxCAlmmZjfrMRw,9
Burrito,bomba,na,americas,c7BKMR1bgYdDmz5RfoNQgBT4lPBHDwshyy8O1o8xevf4Vh_d62Ke5KhT6pqjCj-Rfwdn4T13F2rvKQ,9
Dificil desviar,cheat,br,americas,-yAOA-yCtIzxNqcxTXt3KhqCPQvARAgbfGHv5CDSVvQ-lObc07cVSkRGA0DVVMjzo51bYAjuVq3pDQ,9
Bartus47,DOWN,eune,europe,3gSQbvZWCT0N8CCc3Bn339oUw8d_xCG_lLboeO2FUrr99dbZZjzuHzEoPOy4AtUZuOTXdmXLuof8Xg,9
Babushka,9239,euw,europe,1UA3d1Qel3iB73O4v7X8qqUAxCU-VMgAm_w2Wp_-kqjy8_r0cX4IzBiRSaNuHybXuVteffVh9gJUWg,9
TreyDog,NA1,na,americas,Vw9zGHb0C0HxOZ1l13Jm0gZ5_Qx3F2dC3be_jKAF2vxK7-9f2bL2bS-ry3BvdUBi8PSlR9vRfwfVIQ,9
Trailblaze,Rails,na,americas,G2f0Uo5Kik-qILy0ESF5CLYi6D6-hzvqc6FhBobEiUShIGDGPnJ9E76rkHJJnKFeuB25Qw0uEfe0Tw,9
GRONKS YOLOSWAG,SJON,euw,europe,arXFmv-fciDudklGjXsQytrNj4XyRBord0WF2Llaf_eW_VgTvC_B5Rx1evMIv3XuuldsBQSI8BQQ9Q,9
I Am Clancy,GRAGA,br,americas,pp5vszldPL8hW4mYdjeBiaSbxfIlBzRvFaEhqg-4UQBBWsZ54pqOq2g2QgTQE4cwpsvkZi5ujQWPWA,9
Bilookinhas,BR2,br,americas,wV9GCu11nlFKg3opaupJDXfL-qR65kFyJrTD2J1Cl2bc7KHFLQuoBX2SDa0kUFx5U6WcNTSH3ox7rQ,9
decay arc,EUW,euw,europe,3jA7CRo91V4mLf4Q5xaMidLWLo_ZwgUePaWoAaxoXRNtqSRm0p-Ip9XNRZcxCIRouQ7JJXej-eeXoQ,9
guz1vjppr0kut3,2810,kr,asia,1hTSw3xnNtGi0uhi7YCQbf-7Du_PldJ-UGomixVC-sJ2fADRp_umzkAYEVTk0JojzVcqOt4Rb2It8Q,9
htsjbngk,1234,na,americas,8nu441oHCBwxhqCqdEu2rBgc-W4hC6wExupbZCGleA0yXLJtqKRW2j4e9G3i9weebQQq0hC3GzTJ4w,9
2 RBWH D,DK1,kr,asia,NQ1V7TBLbDHv5jdGTlHUMaV_P3f3a-m13avTm2PQGBgQy9Ltnmh4L_c7V-nQVrlNlYSd_OKyY2M7-w,9
Khanzee,5001,na,americas,fA24AlP-3JroZ4tT9Ekt59FSaBtjZHuIUbftb9FpVOCdYHPWQZCEP0u_ZYISdokzfyXLZpJyhybAfg,9
Misty,5041,ru,europe,4Nel1_Ys4JrVdcL2r1XVbY1IXdIeTvMFFe0vvNR2uGT7l85I_joIQ0o69C4wkqgAMkzw3V2zWZbmAA,9
BDS 113,113,euw,europe,Ra7k8wfjQwZ74-oGAQU6xBbBM-dGHwbEDgS9YGBftrBrNQzoKpd9nCGTUtXM61CKJqv5oZ2kDYnpqg,9
dawnwarrior506,crayo,na,americas,0J08k5nTvzkLdzQdt0mhF6o6KaCqDsEgLTxL3YrFkLOgZf6t-afa8OFX9dO42iRxZpJGBmQWvr59aQ,9
slow,1118,kr,asia,yDhNFub01e-6bttra-9QNJshkMxR5fL59LjAX31IwHo5Y1cnYpnxoBEaYEEANkIUrLJ_1ux0NMyKsg,9
Fam,kr2,kr,asia,oF4l9enay6lgcELtmDQ8JIF8ciVakbZDDm9CNp0_2n-RN0lwMlKBGb1zbXZdye8vZZeffIwgYlyUaw,9
xeonerr,EU1,euw,europe,sXGo-5KnYGainx1Ixum3AbEr_xvylFDkD6kE-G5HGbL9nhM4zglpUpnUkdGSlV3LqAGOYAmubzS45A,9
xrhmleh,NA1,na,americas,2yohnQW-eCOW8lnAZ-RQLFRdp3MHNJgNqGOdhZunj-LKzJY55d3kgKE03ysrmlXZ68wDRdVif7IyZA,9
PlayTheBazzi,KR2,kr,asia,I5oeEQY-at6CFydyVzu6tRxE6mDCD-Iu6h6xUBLFjN8enIYeDT17kPt0vX11QkdKMIawrtV7ts-Pgg,9
Boukada,EUW,euw,europe,aYRYWc8d4fr3aDFbOhjYy5eqxb_NmmYACkIQvd1ZJFLLmVQvR67nu1RnhlibBqgbBidZBx12Lk1TEw,9
qweasdzxcvbn1,yrrw,kr,asia,XrakkAfzZr0beJQB__zW2JXscYNJNL4f0lPVlhnWef7lmSmyc2zHXX20u-eudU3p54XC6F2-F1johw,9
Samuel Smithers,616,euw,europe,RRDV5XUWEwB7iq3S_yXk5_mJPV6nqMZ9BuzLDSurOMjvYTuRoyuyHzoDivchyWEQyXvrI-u9lUaF9w,9
Luv maker,KR1,kr,asia,J31Cv9ZKmX0sE_lAqx92aO7Ry0sz_eFox3HZ8WniUd1roNQqZg5bLuqElEcHZyF9N7k7dWiURSAAKg,9
William Kid,Capt,kr,asia,-CWkq2JpYCCE7sFDdT6wNplr25yDOBIJ1XfZcmiLcbvzkW1q-YAx8TVUy70tDh7CqyVnpAIZs2f7Yw,9
Slezynen,kebab,euw,europe,Sqk4PFT0SI6YzIcjdNn_32YumTEppcz8KVB5qL-B2j61o1cU5kbl0uyleXljrJIShBIFOM5VSME4nQ,9
Femboy Agitprop,meow,na,americas,W0_zyhnTVA5s91MX7dcx6I7yqMcg76TsCpb8wPsM5fktzlpC3Mhw6kSCGi0Owbukb8-kjMZCytBpXA,9
Kania,krkr,euw,europe,bzEphVe2twVQ6bGp1KwMqf0-rzVyuLpQ_pgkuPRPy7YwYSQ3EWfGOiAfQistHnoQrFJUZUeuA2laUg,9
amethyst,trans,lan,americas,Oc_0cKSfnVgrUn5GoN9eJ3MNn0Wwm_0ft8SRio_3yOwDfu-lKDWzg3FLRyXeDr7vVRh7Q3ntxL4L8w,9
ikun ikun,KR1,kr,asia,JuGXJGcOq8DatXhea6OKySl0IMJCZ5KuerDn59KjRt5WR4DhfT_pOrSqd8_MzQc5mmmJ2ijWCj5jWw,9
Zanzarah,1996,euw,europe,S0HnJ2A3gEZ3h1aZ7VvUBm1uj3_twhpSBmDdHMPgYczxHWEbVMpcWd0d1_qDae1Mf4GSDiS2hVZ-ww,9
pepi,supp,na,americas,Mo2zRtJHbqLAn1WZI1mo4NHEaHvBkM7Nmu46TwoSfSnOVgdhvq7PgJgGOw2T3gmmYg8I9LCNRXAzJA,9
oKyler1,NA1,na,americas,bABZwDi5vgxNNuQE3Ra-uSGWASyo_WmU5l5GZabHVb5fS8WXi2Q-4UOf9k6pOXUrWTtUbcmA-rLXCw,9
Carnage,KR08,kr,asia,LBHDqBSrRlFFfytYvd4PyoOTIaPuAEuD3fmPVHiwKfcmA--2KafeR_jXiTEpLt3d3EMzAU8Qaeq3Uw,9
Haukrog,EUW,euw,europe,vXSOqHgppr1F0nxWX7MxQqWZEFKWsSXjhHbzM3igc1sZ-EGSfdmH-JkdfqMgSWag4ymie1k1LoU_dg,9
T1 Painter,KR33,kr,asia,T9oe9soTmh_D7iYOhrY5H-T0CpJrZ9yJvGmpS-7Uq0YnwNqc9Gdml_RiyqT0nIFatPhEYhkMFfix-w,9
Bukayo Saka,COYGB,euw,europe,bBr2YKwsXVufHvRnL7ZpSvL9hpPXfrZXVpk3lIaiA-nZGPsgvMmhsJrfuiTOM_kWi9KL1FtVN30dMg,9
OB8 Giroud,EUW,euw,europe,mFZTHNHHJyKeaouEp7NSafg--ck7FDDILpriXm2gyzeWTKrpYc9c75bo8TrzotbRX52RCuZlYTwGAQ,9
2008 12 19,JUG,kr,asia,EP5x4nM8MkqSM0512sAiQ5j03zLhv11ZwG0TUD6mywJkCNfbCGE7ySVoAgT7_vpO_7rWFZTLKwWOsA,9
Langman,6666,kr,asia,G4hyB2_TckbOesV89aqBQ5jZPGXuk4IWIBWjN9WO6bY6x7i1oxlSXKgMwuoE7BOz_TXNWhWpZIrX_w,9
xxxbelmontation,BR2,br,americas,BOkuwTqbKdBGBDHvdIek_Azr5zcgF8vjrBH3A1MwddDJqZN-2mZ2zzPLn4_WN-JYNNaXy3O-aC651g,9
EloBuddler,Mole,euw,europe,o-3RZYQ--5woogde8a0jKJ5c0xeAIOa3L_HKy-bbv7wtsyVLLBozyuoQQPOl-mHsdGuK3TnMuVtc7Q,9
Willy Woodinson,chill,euw,europe,wnMrY2JtAjx435i47sAEtq5xtWfn12UvVFPCa3DksBO_bqLG2m5G1tNnwv4AVxdCgilQ0_0_Jyg7UA,9
Shout Baby,0123,kr,asia,OGK1K-qt0msNe3nOJL6WEiWGx26ooNoUWv7iQGs-0vCuVYUbtsNFE-jCBGYpdotxOjfNzUdVZycQaA,9
Pipeey zyra acc,Cnjoy,euw,europe,uPV-MlLq9WV6AVX0LYHvUBEtLOPP1o5ncOFumfydZu06T8gbdpWUC4UgkJ4o7ekM0atGTzQrFev6Lg,9
IlllIIlIIIIIIlII,EUW,euw,europe,B2U0zmzs3KhhEgBSZz_7iDS-whpB7CfOd69kothipxdB5v3o3O979jp15KBje-jtv8A7AxAuvY9LFw,9
dr choclate,sugar,euw,europe,buPXfN6x6bMqjC_3YIQqks38KSCpXI5uSHOij6hNg8mWalNkHeuR2o4B3INgvUmrFmRuraft88_eaQ,9
Moon,S 2,kr,asia,kfC-uEySh9ugAH-hslBK7PW-g-oIJuplggzx9S3wPOJWTq7Op915ckfZLIJ15WQj7sfeNqTdRA4jxg,9
wakanda for0ner,rito,kr,asia,bmD8WEZGIVi65cXdPwUPX6zi9E298n6PVsa0NXtSNusOvQIB1zEjDfjQQkV-WFPN2G_URSw0QrKDxA,9
stand or die,KR123,kr,asia,qXP07UjVupg7fPIXzwijVnQ6cSnIJpsTtcqHkN18m1D2pr4F-NTAYZ1bux6a-a-IwUrkjze3jB3VgA,9
BrixZzZ,EUW,euw,europe,Fi155f3_ygKKkyQ2pmkAdsDlnaIBajk2pCBTbVHl4Nn1qthc3ZEHnJj8AhMxrrGd0G7YyTjcErVH-g,9
timeeGER,EUW,euw,europe,hBlzs8kMXqKjzkx3SFR_i6BXDfdQUVoGncQvPVO4mshwTkGAlJ-JWGPUL8545XLolsrduMFFbYSGGQ,9
Conflict,LAN,lan,americas,LFTvlV1ioMW8QRuF1WW_lQVER4VFjtdVxM8dq8gmOwSKuF9hLdqRXmrmNoCf_k4N4e5rlbb9eFqb2A,9
Minerva,IDL,br,americas,BGGt0d15u5Wf8lwZUMoAA6lgj2X-vFW3vdoYIp69KoUXlJv_3fyjBnizo04dbZf1E2kyKdKZeeMgCg,9
EL MATADOR JANIS,WARDA,euw,europe,gVoOEUvINY3HZKic2r02tk9GB5O1qc0pyut9lnGMKeGJlOUnkeM-B1527-7Ew9sTCV1Y93jNYt1L9g,9
Monsieur Muscle,FAT,euw,europe,sj9aWwJLA6hPkTg91oKGpXpj29SV18qsAgF_Bcre76-YgErv1H2KKShbDc1a2PY4siwAGB4pIaio4g,9
Tweek,opzz,euw,europe,r608mfKiwZvT_cukk4N-1VK62J5WNAB0SGftlSOMs-hjinB5hAzl2kiLywn8ZvSSvKHBRMjoaRsqvQ,9
Khanzee,5000,na,americas,q9hV1vXT2PnfTM07JK54q77t99veuQSeTaHAvXR4qFKmaarvuMch_IM6BXN0J8oP41LXg_Gw8jogxQ,9
NemonFly,EUW,euw,europe,oiuxgShIWzf2H_5jIA8vtc-hi12XqpbzRuVSsb66MHbIEPvi1ThzaPk3hA2pAtEa3ESMfd5SJ59o8Q,9
Clareetz,0002,na,americas,TiTpKm_MP467E0pJ_3cjOIBNoi7NA10xb8fiDD7oQJJGSezHooSzWhEtk8Mk4E_bpfDfKtkgnXb2ig,9
kurkkumopokalle,fent,euw,europe,FEYrWpEWyosXW2pvm9F4GxKM10s2tt2UzS_aFObvVy-6ERA-66YzUhYRlzd0dJjufwGDDK4GkCxPTg,9
Lock in bro,Nor,euw,europe,uP93-U_N9vY3UJ7ByEzD5GoCH099nFrbkg5dRrYzA0JL-BnkRtQUy4tsgCUlqNs4DnxpKAWtIU2fCg,9
ENNA,3en1,euw,europe,L-HFlIryW_6dz_CpBVxeDHTESgjAIBOik2H-_LHWRODxN77oUJ7TwAd1Z_3Kr_32RQZELycf4VKwpw,9
Azhy,Bzzzz,las,americas,U-9Gce5u9gJxk_azaZ-AguwDhubqBbiar2hJ9Y0-2v-lzfAXvAWkVzyBrkMAeqJfEruZfdLq51ecEg,9
yMLester,EUW,euw,europe,ZIfRnlNnDzY_9DjbK2Ngcvcd78-kCsdN93oQocarqbf8tbaQeD5NKU8iae-3R7HcUy7u7csxifXE6A,9
Good110,CUMIN,euw,europe,rHYv-sz1yNqKYt3b-unHM565UEGPlcJIkVrSET0qdvgqzwgWbx9AMseV8DXvCUVDZL6-4P-dCmrWHQ,9
Fella,Alone,na,americas,HYjDxxbpYZJDntwk8dL9lVPTFPDUy6s0R6NPBoW7GLGrVXCUjG1Ux7fvA7MUStxa9TUtU55vzdCgCg,9
II BARVOK II,REAL,eune,europe,Yi_pPH6LVLymF75ByKwU9XEAwysRFu8VoD-ojNfTzOd1xfpYhzCG5ZBdBmvQZA2i1L1-aKKFJvzuEQ,9
GHOSTSKULL,021,br,americas,JGcSaqBhIUA6gr_ei0XC7I78iK8L7Cn9tzOwDGRfQWez3-FFtA7_RrB8Py0nwXgHibKcu8RNZSEHUQ,9
Bw1u,KR1,kr,asia,ya6DDHgw4yf1XGPz0BQCyb4QXV5yan3ICLY_m3sYDOd3s0v_3NkvLf27mwn6oUOOE41q7KP5juUkkQ,9
LucyKushinada,Daver,lan,americas,rJLN2LnPHbKch_cD4hDINieP9xHpJTjcn2WUSKTzjLNCNP4kmPQIRZZnYUNPJmLM8gpvQGorkRhNbw,9
Dragglur,1345,ru,europe,TUo_Z7fu1Z-TUouiGWV2wMFOD6gkEJ3pbnkhfbfGnIsUgVBRE98lZOTVjlnEwEoGpLDkBwRZtFP9XA,9
321318376123,32132,euw,europe,K66vgR3cJRAKfeM7Wb6VR5T2CA5MN79p24N0LoL1ljuVfWM6ki74CVQGeJPHTbbyf6PjNBAB-3PvVg,9
kicktv kayngod,rank2,tr,europe,TsHs_SI_1a_wU0YG8dVQGJeQp80MTCP1a4BhtTTWrPm-AAwIbkD3ViyAzfNfV5Vwjix3paxNUhgrAA,9
zyqx,MOGS,euw,europe,HpW-MkKb2fenu9GK5Zxb1LJBviYSOT7uAu_7zU4x0QW9kqOBNKr-vhIikuNhzCgpyN8PC4xLjS0jRg,9
Mecqq,0815,euw,europe,VE_Cl6n8xdZs3iidvVjQNWqZpVvKWNH_NT7-cxGh7e5Scm1AvlY8cNfhnc6dFUZ257Y4ldRc5gOUkw,9
Bel Veth X,0312,kr,asia,1wEBBv8SaBBzK-M80ddk1sHU63dS0jF3WbqtUB_0SKc44J_peZ7RCXJ35169l50BPM5BiPIvCYgaig,9
Aluixa,Back,tr,europe,Y67PurgNdKcxVE98k87BBnGj4XYv2sr9yX7XqDUoyIA6ESpfrgKXBMuistgz4e6tN35OONMr-POfKw,9
Brenin88,L9H3,br,americas,LNc91Ii8wnHC40pc8_6kd4XJiPbQn3f8sA3sxLEhc-XjpLWd1RVXfsi6uz8L_fPd6wQWZiv3nI3CvA,9
Solded,EUW12,euw,europe,-mfa8P5QX2GrNnYDuJ3MVP4bh05h3RTmkEyu0FJ65MqAYLdA8CVTWFi0Y5WpJaJ7nrw5zdN58W0jtg,9
Seonsu,Noula,euw,europe,0IR-drn_3mALe2DzSzFwdscrmIJoCs8s5cAqG-upgVsTzohpIUUnTrehOIuc8qskt-6yh-ljfLCB3w,9
Freetoxduzoo,3259,euw,europe,uD3uvb_KNb8k0DGjBZYK7EnVvdDsrduSKDAvA8CsP0VsNteDwC6S0seSBOe9ieP9CNN7-UVPn8NUGA,9
Anthony Davis,BBC,na,americas,_q1l4OR_OJss2zPCx9CkMOk27oy4T1EmwfN9BuZQiOqaUaiiBNJeEEjBMnrJ96fcOe5oSisB1Bw58A,9
ordersuikast,0001,euw,europe,sRWlK4rc3N0tXxH91ZLY_LfTUNAi0i2P_zCY3FdoZ0Sn5ps4uI7MY-N_EilGeHEXxtiflMXJ74ezTQ,9
HAHA JOKER HAHA,DXG,eune,europe,hlWOUf98NrVRUG5XzmX14z0Ub9fHwDoW4_zcjJo8YlCyfnaJpJ2SJNNeEcYUbaVGwe6P2f78D_Jvog,9
Tanked,467,lan,americas,n4LESCgD_xafOiv8sNW3lIS6aAbL77rBp7KnszjCvLfov816PrjhKkmGL3_up7j8uzmyGe0ygpsRrA,9
caddefiftyninea,59A,euw,europe,eOgIKrxV5UvI3hVR8rveP2VDvg18V6ly0MLZP8wshTSEkYnOAiVWXaoK8WI02JviuqlVadPI6XvcbQ,9
BoomerVsZoomers,961,euw,europe,CgjiaZXx9e5E2yHHRLlenmuzzom_bOfr5Su_z-j3IoLS2HebaAbdV7lWJc4YP4kKp9Z8ufKR0TAG6A,9
DyZzo La Dozette,5548,euw,europe,BgPszNTCyrHpVq6A1-kjX04B85UDH_wMGdOAvg9qt5RNGEqwWfaeJ0B8d1cOpoUrJhv2M9_c5oN4LQ,9
Summoners Rift,Rank1,eune,europe,s_0K_N41nQli-G0wndd6VNUq_5Rzr0O8uODjfJfD3gdsfzgDwIR7xEDzpRcNwAti4Lll1CzX4CC3-g,9
JMGG Drago,JNGL,euw,europe,HSaU8RX3npAhC5kx4z1xjiaXesR_GVvyJ3RqFwCnG9ZHP0tAbUkxwxh_sKYPxFz6mZflP6CQhONTGQ,9
Expo,BR01,br,americas,I7CSa5M5nra4d4_yJYcQUDlxT9q1kudUwrL14Ew-_fEM895hOqN9A1nxbC_XlRBcMTv4jeBJURcgDw,9
Carl Johnson,SMOKE,las,americas,Ay5mWGW5jLjZDU5Tj2UKnkF0qS20FieMcR_0_cY2e5oWP8BMxGY5WGzf1uRiWPf9rC_jiu3oSsfEFA,9
Sillycool,0182,euw,europe,kZGzqpCKfFWkNDMQdUYosLu-bThRdU8JyQ14F9iKRSc1KgEGWqn0ErUemQ7_fQ2wNYGXGYXvVcOUmw,9
All things end,Verox,eune,europe,Fuj952bQVW0TTN88CoBUdPp0PLgkvQuXxTWhaP4cUg2uUw4G7CCj61ubrU9WrumHYpExeH2T54Oxww,9
twtv ExpectedLoL,NA1,na,americas,V7aQ--PWl9n4UQC0sxikLzN3lVjOUXKNY_gDsYQ6ovTuMGqC-2JmYe9kp3Hl_3SjiJXoMBGDQP0pCw,9
Vesani,CHARM,na,americas,IxyWb0WLVYzQDa9WApyDZ8eb1xBHvBn2FoFFogIrBwDrfdAfFuCDEpFc4Cda10IG1TCL1trwHnYiCQ,9
NeoCalypso,EUW,euw,europe,3zH7rug4TOkm-MYVi3ZwVfVjHCQ0zUNFUGXvUnvCo77rxItgOWOiysnBYMZ6D05KmQU-gVTUA1QhLQ,9
D X S S,748,euw,europe,sk1-bf9_KaLBB-EfriYa_Hl9eooa4ICoUg4Nwtb35fnLi_5IXnJ2Vtyc98Et5HP4f3SYzD4Z5BlkBg,9
le reptile vert,EUW,euw,europe,qHm35MG8bRmm21QyKWGrQ9tS4qvtD9HcrhqYyFY83Y5rqWAWs9p-FOcYH9D8bfHgizm7TJci5O84bw,9
ss1,9145,jp,asia,4Cd9QXstYJv2EQyLpv8Ymw2J8OOD4hEk050DQTTipkicRt_qhM3lxtjpI8S2UwA1ehjSItgJx4eHUQ,9
Frope,demon,eune,europe,WUINcfFxY0jx7n-OrnilLyyDkoY247Tb-7GGmGEBqWmiFsbFehW2IqNxpMZ8xJITV96Go_nS_U00Tw,9
D1Sc0rd,KR1,kr,asia,4fbVXaNjxEYUxl4PXCHI2ZwwAggEBD0DE8n7w2Db2-Jyqc_DS7hl4n7d4gp_s4wQIDq3mwttufOSNw,9
GOLEM DE CACA,OFGW,euw,europe,S5elYee33ua-5SsS03-MPQJxkFWKX8yHTQ-SJWoAVtxYG3RYMpDZIYDp6of2InXE3QRGibkv6P6w9A,9
Lozux,xdd,euw,europe,SwcVOQV1kKKwrQKhgONsR3kDyNO9AdRI1qQLF_kXJj0so-TRX-YvLI4kwoXyfXpGTo-Qj-LIupc0Wg,9
Nirvana,ef1ty,euw,europe,prj4TDLayJfGlKcpOElP9S_Tpj6s2AG_tRcp7wjfwR-_Zo2F95QfFmj_Oryxq23JLUa1mGlN6zswHA,9
cinema,707,na,americas,LpeigcrY7n1mMbvXSF9BjUDL16Fwrz-iQuvOkktfAZAYAFfIWSVEpauxJDlo2HMnzfIf5KnMmKlZOQ,9
EGO,JGGAP,las,americas,R8E4toNDJHLZ8VvLwFlGBmYnfnPULZ9DVY1obupUKl-kD5BVrlAheCyjE67CDG42hSYP65VOHEn5wg,9
LlamaDemon,NA1,na,americas,9tqRm77dNKgNw3HO-hK8vaCXrSLBWZJTwrBavqcPN77JLoZJibfbYcGMf3a83hDx0rEq23yrSYRpNA,9
Life is Real,MaxXx,ru,europe,cGiaDfEkgJLGgo3NyW1MXc43lfyZBQoIgcNVnRePzyYy5JYmlciQeRj_fVYGZEfbEIwuAoPAA_AYEg,9
WarriorOfChrist2,Lord,na,americas,W9jKQCDNr7qQ3q0HHkneGJ0E4x_vW39ZL0cJgEfSGgzcUUqb9lk8TlRb1GG672Z0ojBp5N5LQnUWag,9
Browning,COMP,na,americas,4ovDyf01OwuMjSMyq91-HHke6Z3M_6j0a-uCsyl5XKizqOfkMChQPgriJP5jvH1aqAKeyYPpAb77Fw,9
niseeL,0220,kr,asia,saoJ7KYSyE1qdpW2CqAWm0VXx7ZDMLxLbAgbbMno9lAvM6n5dLVEBDc92hj7ge78tHtAOJzgIVAQLw,9
spartarcuse,EUW,euw,europe,eXF_3OxR0cSGS_2-rbaUorpsShlIOm6YLRcMEe35oqB5vCw9tl-y-vd20iwHu5mFnUivW_mwbFJo6Q,9
thefirstchurtle,EUW,euw,europe,IQDQNAUcyBv5bORhDUc9VxuWSUQT-TUAb3ONnQdf8mawDjNTsO2hjDi54IkwotL_0ltso1qZWzchEQ,9
Howey,Void,br,americas,HKamIDBnt9fBe4s2mxRBYHCCWQCRviuQfUfvB4d2xFNezRgUBHMOWgdz5QjjQTj6SpnyeJ4JglXtag,9
JanerJoestar,EUW,euw,europe,dS9U-c2Q2jNfmKlSM3d_TeQhnQ8t9gncd81H2jESCT93_2_vUHv20sLzDmqtUlMbfIpss1Zp2oAIsg,9
mtnollej v9,TTV,euw,europe,322pg-GVhlGBEbmRDG8DSO3ZD8HGaMjz35dAHmUhh7-nV8FXhoa0jeb94sjaIJSN-0Uwkzba3f_91g,9
Zheir,0708,br,americas,KnSgMiW85Iydyzmy9iR1BchvK_CCebtVw--TVGRqUW-hNBJoFQEC3HxwZdUk85xd6B_WDjJGMdnVYw,9
Matthew Mzizi,BOOT,euw,europe,9XK1FVvmGmyVpHHtsQ0AQAGFhzXfjgZk6vxKHVa1ArgHOBH3vJIe4E8kr7BMNvFzExtQ_2ZhJOgAbg,9
