Name,Tag,Server,Region
snus and head,1400,euw,europe
jjeiz fun acc,EGE,tr,europe
rewoP,revel,br,americas
Ronnie,BL3,br,americas
Baojng,Bao,euw,europe
DarthVader,XDG,ru,europe
kanitosan,xdd,euw,europe
Perfect 1 game,KR1,kr,asia
OneRepublic,KR12,kr,asia
CHAMA,KR87,kr,asia
TheUrfGoesWurf,Smurf,na,americas
TTV BroKenSSB,TTV,na,americas
No longer love,zypp,kr,asia
True,2025,br,americas
Diver,LFT,na,americas
sfdax120x120og7,1of1,tr,europe
PASU SKILLCHECKS,GRIND,euw,europe
Loofe,prcoz,las,americas
Heart,131,kr,asia
Punch,kr98,kr,asia
1Notin,br1,br,americas
Tontin,399,las,americas
LEE K1NG,777,euw,europe
Acr0,1357,tr,europe
Joaogador,STARS,br,americas
Reifoas1,3021,euw,europe
Nwda,KR1,kr,asia
best,jung,tr,europe
cisco z3l,boc4,las,americas
dont mind me,faith,euw,europe
Lanceuu,SIR,euw,europe
leesinca,6969,euw,europe
sterile,kr2,kr,asia
lady7,1212,kr,asia
mayz1n,br1,br,americas
Haru,0603,kr,asia
JOSEPH STALEEN,777,euw,europe
Scattered Rain,LAS,las,americas
Amaretto Sour,S7D,las,americas
gsplash1,NA2,na,americas
Moo Deng,Moo,euw,europe
Acr0batt,TR1,tr,europe
LATEROVIANNNNNN,EUNE,eune,europe
Yellena,tsung,euw,europe
00MAX00,JP1,jp,asia
qazwsxzzz,zzz,kr,asia
chokr,KR1,kr,asia
Where Canyon,KR1,kr,asia
Kalesa,KR1,kr,asia
m2kl,fff,kr,asia
RLP Li,zzzz,euw,europe
SON Jestreyal,ROOF,euw,europe
LightningLegionn,1234,euw,europe
xicen,xicen,tr,europe
Carlos Verbelen,Zeus,las,americas
sExpecto,PTRNM,tr,europe
TungTungSahur,8001,euw,europe
lol,B380,euw,europe
be my mommy asap,yep,euw,europe
zYRENNZ,001,tr,europe
Banned on smurf,8397,euw,europe
BlackChutney,NA2,na,americas
kamui,1114,kr,asia
Nopsel,EUW,euw,europe
PM FOR ELOBOOST,PMME,euw,europe
Sponge,KR2,kr,asia
Royker,LAN,lan,americas
I like to eat,steak,euw,europe
Box dimension,BOX,na,americas
Devoured,Carry,kr,asia
Son of Apollo,MUTE,na,americas
Rug,vTR,euw,europe
revery,xxx,euw,europe
if only,0728,na,americas
RlwjD,KR1,kr,asia
lost everything,vntm,euw,europe
nmslcnmkrd,1234,euw,europe
Santi,tuki,lan,americas
nwmxd,L9L9,euw,europe
Biov2,023,na,americas
Rezende Evil,BR2,br,americas
viego smash,fatal,br,americas
zuihouyiye,2007,kr,asia
zyp hanfu1,zypp,kr,asia
guz1vjppr0kut3,2810,kr,asia
Spray,777,euw,europe
selim123,00000,euw,europe
Eye of Twilight,0805,kr,asia
sheiden1,LAS,las,americas
kzxktobxkut,EUW,euw,europe
Samurai Jack,EUW3,euw,europe
James Doakes,GLIDE,euw,europe
Diable,BFRX,na,americas
Sung Jin woo,BAR,euw,europe
Kimman,zxfkk,kr,asia
Love Ruins All,Vieg0,las,americas
Avalanche,kanye,euw,europe
Aiakos,3169,tr,europe
9999,kr7,kr,asia
Alfons Mucha,LAMO,euw,europe
Rhilech,15105,euw,europe
Floch Forster,devil,na,americas
HYR ZellDun,HYR,lan,americas
Terim,0020,na,americas
NerfRyu,LAS,las,americas
Man Of The Year,PBM,euw,europe
Jude Bellingham,667,euw,europe
andres 404error,REAL,lan,americas
BIG daddy,EUW25,euw,europe
Ariandad,LAN,lan,americas
goblin,run,euw,europe
FireSlayer10,LAN,lan,americas
goodlegendlevend,lan o,lan,americas
Stray,BORZZ,euw,europe
the end,jan,tr,europe
Joadi v5,EUW,euw,europe
neo,miel,las,americas
Mie,Rank1,tr,europe
Rank 1 Naafiri,TTV,lan,americas
rukous,a14,euw,europe
Veeno,2137,euw,europe
Mikjer,69969,ru,europe
cherrymin,EUNE,eune,europe
Slave of Fate,5020,euw,europe
ambessa,rota,lan,americas
Dick Grayson,r0bin,euw,europe
Alan,000,na,americas
Oaraen9,9857,tr,europe
lurdi,3232,lan,americas
200ms,NA2,na,americas
Rnwl,EUW,euw,europe
Lv1 Safari,EUW,euw,europe
The Broubers,LOBO,br,americas
xyu,KR2,kr,asia
Diablo2016,EUW,euw,europe
damiandak,DAK,lan,americas
ES Brighter Days,AHEAD,las,americas
Remi,duck,na,americas
Gitano,TFate,las,americas
Azrrialxd,lig,na,americas
Rebecca,yay,euw,europe
iundix,LAS,las,americas
Pavitt,EUW,euw,europe
OSCARINO922,EUW,euw,europe
noahikiosken,kiosk,euw,europe
INoobMaster,EUW,euw,europe
fugi reworked,EUW,euw,europe
Chama Morita,EUW11,euw,europe
pitch black,lulas,euw,europe
GRID,BR2,br,americas
bloodstained,rug,na,americas
LILAC,KR129,kr,asia
HeyMan,0707,euw,europe
Ness,Pilk,lan,americas
Hoarah Loux,0001,tr,europe
Son of Battle,MLA,na,americas
TheRickestRick,C137,na,americas
GIimpse of us,LAS,las,americas
Skovy,RU1,ru,europe
Rashomon,rope,euw,europe
CoopedKey,NA1,na,americas
LGBT2Q,aaa,jp,asia
Jenxas v2,EUW,euw,europe
Light Monarch,br1,br,americas
qnewbnuerhj,0000,kr,asia
PMR Sousa13,PMR,euw,europe
flout,000,br,americas
moo deng,awawa,euw,europe
patience,0718,kr,asia
degustator stup,nojob,eune,europe
Gosu,1st,kr,asia
ice,jg69,na,americas
SeidyN,EUNE,eune,europe
zRoom,2002,br,americas
Hankat,EUW,euw,europe
02 02 1996,TR57,tr,europe
sunghyuk39,KR1,kr,asia
Helenita,ego,lan,americas
betrayal,stark,br,americas
DaFaintSmiLe,LAN,lan,americas
UrascBoostatele,0000,eune,europe
Sector Agric0la,LAN,lan,americas
The Third Darkin,LAS,las,americas
KaynYouNot,EUNE,eune,europe
TheSkyfallsforme,Rin,na,americas
CURBSTOMPER71727,swag,br,americas
adrianosuper2019,Viego,las,americas
HIDE ON WALL,1111,eune,europe
2 and half sheen,EUW,euw,europe
Youtube EvilAdro,Evil,las,americas
Lelouch,imper,br,americas
Bestboyx,hater,na,americas
Tionstone,651,na,americas
uwaa,108,na,americas
Bunny,chibi,lan,americas
ozznerodarat,NA2,na,americas
Shadowkekw,kekw,br,americas
ViegoGwenIsolde,LAN,lan,americas
Zenetinhoxd,6969,br,americas
Ezilium,br1,br,americas
TTV Nordeenn,Kaynn,euw,europe
etxss,br1,br,americas
Enzzy,ADC,eune,europe
Ivelja,EUNE,eune,europe
Johhnyz,00000,eune,europe
FIosd,LAN,lan,americas
Slavic Dragon,NA2,na,americas
Kusa o Miko,EUW,euw,europe
A Gustaa,GREAT,na,americas
NeverTalk,CryG,lan,americas
yiyecek,0606,tr,europe
Karasmai Rhaast,NA1,na,americas
piramiden boss,EUNE,eune,europe
KloveJ,4ever,na,americas
Satsuki,KR1,kr,asia
FredanV,NA1,na,americas
FUN DIP SNORTER,HYUCK,lan,americas
reffect,2008,br,americas
MAKTUB,0921,kr,asia
Zanarkand,VII,na,americas
Hartemurenn,0702,euw,europe
sluoS 12,3002,lan,americas
kaynyounot,euw2,euw,europe
homura akemi,abyss,br,americas
KvasirFlugal,EUW,euw,europe
JOJI FANBOY DOG,cutie,lan,americas
ThatsCoolPlaying,9626,euw,europe
RS Logic,Candy,na,americas
Twtv Arkanoidn,Kayn,br,americas
TheRealCotone,ekko,euw,europe
DenisW4,Cana,br,americas
Cibalsann,7998,euw,europe
Sinatra,myway,br,americas
YoshiiKazuho,PROXY,eune,europe
homicide55555,00000,eune,europe
ur terible playe,19754,na,americas
Hollow Knight,Hygon,euw,europe
PETR PETROVIC,PETRV,ru,europe
SAHIDGAMER13,LAN,lan,americas
Disdain,gab,euw,europe
Aqualizer,LANn,lan,americas
hudi763,EUNE,euw,europe
sleepwalker,sonne,br,americas
Dxgo,476,las,americas
woschingtonggg,br1,br,americas
vei,BR1,br,americas
Ana de Armas,Akame,euw,europe
vJANKESv,EUNE,eune,europe
Dark Kregan,EUNE,eune,europe
JerryRaynor,3536,tr,europe
Nezuko,Anita,lan,americas
OnlyDrago,LAN,lan,americas
can win,KR 1,kr,asia
WorderCoat,LAN,lan,americas
Utopian Mindset,NA1,na,americas
Toxin,WEST,euw,europe
Accez,IDL,br,americas
Cuzz,KR1,kr,asia
FURIA Tatu,10y,br,americas
dont mind me,faith,euw,europe
Barkoon,bark,euw,europe
namelesss,1504,euw,europe
Bonnie,BLDP,euw,europe
Rhilech,15105,euw,europe
fgdgaw,KR1,kr,asia
forward to death,panam,br,americas
Clid,1014,kr,asia
DK21,Omni,na,americas
CRN Jenritch,1724,euw,europe
Kania,krkr,euw,europe
CYB Migas,2222,br,americas
Fiszu,SDN,euw,europe
halepli int acc,7dak,tr,europe
mi quang,hzt,kr,asia
Diguin,7648,br,americas
MmSalvatore,LAS,las,americas
42 Thorden,Ged,euw,europe
Issou001,BVRB,euw,europe
ww1w,qqq,kr,asia
Kirby,0528,kr,asia
shinei Nouzen,SSJ,las,americas
Drakesin4,DRS,euw,europe
wenzhoushuaige,1101,kr,asia
wjdrmf,djfuq,kr,asia
apolo,julia,br,americas
Lelouch,Azes,br,americas
Hasmed,2002,kr,asia
Raptor,KR123,kr,asia
B2U Nord,B2U,euw,europe
Prime,LDMP,euw,europe
lyncas mad kid,lync1,euw,europe
lmln,KR3,kr,asia
guz1vjppr0kut3,2810,kr,asia
Juhana,DRX25,kr,asia
Aprox,KR1,kr,asia
DK Sharvel,KR1,kr,asia
Shylie,KR1,kr,asia
Siatdi,EUW,euw,europe
Gobiee,Naa,na,americas
TeaBagurin,DADDY,euw,europe
Gavin,BR2,br,americas
Sirius Can,CAN,lan,americas
Zweek,Tweek,euw,europe
LostInYourEyes,soul,euw,europe
Sensation,KR2,kr,asia
Lion,KR5,kr,asia
Rita Torre,CRUSH,euw,europe
ChiddyBang,PERE,euw,europe
Lowelas123,EUNE,eune,europe
ReformedSalvyar,1234,euw,europe
Jacky im Blut,daddy,euw,europe
Six Months,0000,kr,asia
02 01 04,diyi,br,americas
DROGA CANIBAL,115,euw,europe
Sector Agricola,001,euw,europe
Rhythm And Blues,YBJ,br,americas
menor capeta,003,br,americas
pop9,KR1,kr,asia
lastis,1234,euw,europe
Tren Abuser xd,EUNE,eune,europe
Drizzle,ADCY,euw,europe
Eudemonic,222,kr,asia
Tacto,secs,eune,europe
ww1w,qqq,kr,asia
Merkury,0725,kr,asia
a kind child,leaf,euw,europe
7uki,cn1,kr,asia
Mamus Mentality,0000,br,americas
Raiiken,0000,br,americas
Miraitowa,zxs,kr,asia
Conceit,6720,na,americas
qualzy,333,euw,europe
ill try,EUNE,eune,europe
Emilia,Bella,eune,europe
DarkSeeZe,JGL,ru,europe
Banned,Euw2,euw,europe
Zuzek,EUNE,eune,europe
Saint Swiss,NA2,na,americas
RASPALAPIPA,666,las,americas
qwer1234,4343,euw,europe
sad and bored,idgaf,lan,americas
wenda,0000,na,americas
wakanda for0ner,rito,kr,asia
VemTranquiloPoh,BR1,br,americas
NaturePhotonics,2802,na,americas
Hecarizmi,EUWJO,euw,europe
glue eater,9723,eune,europe
Final Prince,EUW,euw,europe
ChopTheFarmer,CHOP,euw,europe
Unforgiven,envy,na,americas
Siobhanx,5555,euw,europe
Poniros,6421,eune,europe
Mike,MOB,na,americas
YSL Thugger,EUNE,eune,europe
Tetan,EUW,euw,europe
Mehsi,EUW,euw,europe
TiranoSauloRex,REX,br,americas
Vie,TiltP,euw,europe
ESPRIT COLEREUX,3432,euw,europe
JokerNopeSmurf,2325,euw,europe
koae,koae,euw,europe
CarelesMistake,NA1,na,americas
GaaBriieel,Chile,las,americas
GSF Cofidis,CHOTA,euw,europe
WarningWarning,kr01,kr,asia
JidoWu,2195,euw,europe
Hupida,HPD,br,americas
BS CodeWar,EUW,euw,europe
v1SaG3,1337,euw,europe
Th3baBaDo0k,EUW,euw,europe
never doubt,Rank1,euw,europe
Killeric99,EUW,euw,europe
OnMyWay,JNGL,eune,europe
Antetokounmbo,KR1,kr,asia
HELPER PLAYER,KR1,kr,asia
Geagwos,NA1,na,americas
NikiTheCheeky,GUNS,euw,europe
Corruption,Money,br,americas
Atheatos,vwls,eune,europe
Foutriquet,FOU,euw,europe
AMZ Asta,BARK,euw,europe
pooprooster,NA1,na,americas
reserpina,666,br,americas
CosminThunde,EUNE,eune,europe
BOMBACLAAAAAAT,GYATT,euw,europe
DRG Renzione,2811,euw,europe
SlotMach1n3,777,euw,europe
Anthony Ginting,INS,euw,europe
Drakesin4,DRS,euw,europe
momardos diego,SDLG,las,americas
MilkyWay hands,Chall,euw,europe
Rising,2005,euw,europe
Billy Russo,PAIN,euw,europe
SGE Lopinox,0805,euw,europe
Korn,1994L,br,americas
Folker,Duke,euw,europe
42 Thorden,Ged,euw,europe
Smol,okk,euw,europe
AMON ZODIAC,MONK,eune,europe
GINE FRESKOS,TIER3,euw,europe
Bvlade,2000,las,americas
Kickless,EUW,euw,europe
Agurin,DND,euw,europe
NT NowFin,CIEL,euw,europe
SaptanTrion,RU1,ru,europe
Chezu,TITAN,lan,americas
Hybradge,ADL,euw,europe
Visidosin,EUW,euw,europe
Pupito508,br1,br,americas
Amarula,6534,br,americas
StevanRoben323,EUNE,eune,europe
Mefedro,1337,eune,europe
xShadezz,2607,euw,europe
Mattownu1212,NA1,na,americas
HankeeeTheChosen,EUW,euw,europe
IamHIGHERthanYOU,EUW,euw,europe
Dadan,NJK,eune,europe
zarzu,EUNE,eune,europe
Assane Diop,1V9,euw,europe
Hextech Groot,WEWOO,euw,europe
Ballin,1904,euw,europe
ThomasRTC,5277,euw,europe
juKi,NA1,na,americas
hori bucluc,EUNE,eune,europe
qui,elo,euw,europe
Norbaa,EUNE,eune,europe
the promise,starz,las,americas
Only1Jakub,EUNE,eune,europe
MrPlaCCek,EUNE,eune,europe
Rodrygoes,999,euw,europe
KrimsonKatana,NA1,na,americas
SirTipsalot,EUW,euw,europe
tablechairpcdesk,EUW,euw,europe
Kyjid,EUW,euw,europe
AURA OWNER,SOLO,eune,europe
Spidey2x,EUNE,eune,europe
BLUSKAM FERRARI,EUW,euw,europe
krancheats,EUNE,eune,europe
strikerthebest,EUW,euw,europe
nothing2smile4,EUW,euw,europe
IGLoODaN,Emily,euw,europe
Microsoft Edge,yenow,br,americas
NattyNatt,2005,euw,europe
Turbo Reformed,GROPD,euw,europe
bicas,Faker,euw,europe
Uvinos Jungle,EUW,euw,europe
Shadow EL Momes,MOMES,euw,europe
moderncindyrella,C1124,eune,europe
arawn,DNG,euw,europe
babylotion,gay,euw,europe
Refuge,1210,kr,asia
FVN Vinite,yumin,br,americas
FS Raydell,2004,lan,americas
love me,majka,eune,europe
Koii,1118,ru,europe
Remoc,EUNE,eune,europe
Art of Velocity,001,euw,europe
helpjg,0202,kr,asia
Theoyrdum,3084,na,americas
Gutsu,3107,euw,europe
Frandito,EUW,euw,europe
Broken1321,EUNE,eune,europe
LunaVoltuniel,EUNE,eune,europe
Kasiikkooi55,EUW,euw,europe
Kirei Sama,coach,kr,asia
jg prodigy,RV1,euw,europe
tyllar,777,euw,europe
Symphony of War,00000,euw,europe
dale,3440,tr,europe
Theatrics,NA11,na,americas
last dance,0 5,kr,asia
I Need Goums,Tigru,euw,europe
Kirby,0528,kr,asia
Barou Shouei,013,euw,europe
NatuLover19,SWAG,na,americas
Tiger of Echizen,RIVAL,na,americas
Jug,KR 1,kr,asia
re0,2007,kr,asia
CHAMA,KR87,kr,asia
czech Doge,2009,euw,europe
D4SH,0001,euw,europe
TTV BAASHH,EUW,euw,europe
MarlnN,EUW,euw,europe
wyhawlaysme,0000,kr,asia
Dagedox,EUW,euw,europe
Gebby09,Bull,eune,europe
Meliodas2344,LAN,lan,americas
Piolin 1,LAS,las,americas
Dandom,000,euw,europe
REDSKULL LILLIA,TEK,na,americas
Jakarre,8836,br,americas
nicolax39,LAS,las,americas
i love lol,KR2,kr,asia
venom,elias,na,americas
Gold,TEAMR,euw,europe
skibidiohiojelen,jelen,eune,europe
xX Tirach Xx,EUW,euw,europe
Dayforce,EUNE,eune,europe
Silenced,lag,na,americas
rouman the goat,swag,eune,europe
Shovoo,TR1,tr,europe
m8x2kzq7wld9rbta,x9a2m,kr,asia
Ace Henry,NA1,na,americas
drowsy fever,Frfr,euw,europe
DE Kripsus,777,na,americas
Tima,JP1,jp,asia
pim,weeds,br,americas
gabima,br1,br,americas
AnkraMessi,siuuu,eune,europe
Kvothe,Arc,br,americas
ONEPOINTFIVE,EUW,euw,europe
kebab,ktopl,euw,europe
RedFame,TR1,tr,europe
T1 Sanch,Son,euw,europe
xiaodi,1228,kr,asia
Rhujshyald,8449,na,americas
Luden,9876,euw,europe
T1 Gumayusi,CWELL,eune,europe
EvolvedPredator,Kha6,eune,europe
Heaven,bresh,las,americas
Copy,Fear,br,americas
LastTime,4MANO,na,americas
DooM12,1312,na,americas
Chuku,Claws,eune,europe
linni,manni,na,americas
Codesix,0112,kr,asia
Xiao Tai Mei,OvO,na,americas
twtv nickich,1336,eune,europe
better jg wins,RJ1,br,americas
Zeth,T1z,las,americas
Murasaki,euw2,euw,europe
Solomon,xyi,na,americas
Zectifyz,EUW,euw,europe
Der Sonderbare,EUW,euw,europe
mistiQ,1221,euw,europe
severity seeker,EUW,euw,europe
Cacauzinha,Hey,br,americas
SmoKePaaF,ZWM,eune,europe
balikci337,337,tr,europe
Spriteboy56,EUW,euw,europe
Hot blooded,sunny,na,americas
Dark,Zix,kr,asia
Ciefimo,EUW,euw,europe
stonad,ouj,kr,asia
Kha Rol,L60,eune,europe
I Jano I,LAN,lan,americas
Zaptor,404,euw,europe
1234,213,euw,europe
110,4MANO,na,americas
Ziko,DBZ,euw,europe
Uvinos Jungle,EUW,euw,europe
ricrickx,LAN,lan,americas
llllllllll,lllIl,kr,asia
RG SoMo,4553,euw,europe
Tom Bombadil,LOTR1,eune,europe
Repfix,NA1,na,americas
Dionysos,CSO,euw,europe
ELE A EL DOMINIO,LAS1,las,americas
2oapmanwun,CICKI,eune,europe
Yellena,tsung,euw,europe
Remtiz,rmtiz,br,americas
Kenshi Kaya,444,tr,europe
Frosted Cupcake,turd,na,americas
prometheus,nero,tr,europe
Zequilla,NA1,na,americas
EUNE TAKEOVER,KING,euw,europe
SuperMalveillant,EUW,euw,europe
spy the man,KR1,kr,asia
BleachedBaboon,wuff,euw,europe
meowmonster,EUW,euw,europe
Riker,FF15,br,americas
DFG,1v9,na,americas
Friigo,001,euw,europe
Banned,Euw2,euw,europe
InvadeMeToWin,jungl,las,americas
leap,kzx,br,americas
Mango Trolo,YOYO,lan,americas
QQQW1N,EUW,euw,europe
Theatrics,NA11,na,americas
finita v2,rus,euw,europe
hfjklz,real,eune,europe
perfect blue,art,br,americas
axioma,171,br,americas
gdfsgredgrey4e5y,BR1,br,americas
Get Better,Yubs,lan,americas
Gileshelly,8167,euw,europe
1AlluK,LAS,las,americas
dothivovi,cuPi,kr,asia
Unicorn on keta,Smurf,euw,europe
3 6 9,189,kr,asia
Not Like Us,noser,lan,americas
Willy Woodinson,chill,euw,europe
Radostina,0001,euw,europe
BLACKLIVESMATTER,JK  0,lan,americas
GRAVES KING,KR1,kr,asia
vitamin,9876,na,americas
Gui,2Shot,br,americas
Koetz,Koetz,br,americas
Victor Osimhen,JG1,tr,europe
Fumei algo verde,br1,br,americas
Mbaguette,1234,las,americas
KKLT,1013,kr,asia
AlluK,goat,br,americas
Trainwreckstv,Coke,euw,europe
Sebarine,LAS,las,americas
Castle,Berry,na,americas
Kaling,SGL,na,americas
Cpt Mpizos,EUNE,eune,europe
dream lover,0204,na,americas
admiral,5660,euw,europe
IG Radagast,LOTR,br,americas
YEIMO CARRION,LAN,lan,americas
RANK 1 YI,0301,lan,americas
misc,hit,br,americas
Undominoodle,akuma,tr,europe
Fall To Light,br1,br,americas
blink less,god,tr,europe
FRAG 12,EUNE,eune,europe
lllllllllllllllI,lIIll,lan,americas
Karjamairmirink,3717,na,americas
sC Stefan,Zen,eune,europe
Queenofinsanity,777,na,americas
GladeGleamBright,NA1,na,americas
Syelcniver,LTAS,br,americas
Queyilmos,4373,euw,europe
Sung Yinwoo,Zen,eune,europe
black sword,011,las,americas
The Gank Banker,TR1,tr,europe
FlexFinesse,NA1,na,americas
lIIllIIlIlIIlll,4200,kr,asia
BAD GIVEUPP,TOP1,br,americas
KMP KaitoKid,LAS,las,americas
mambaws,mog,eune,europe
Pinita,EUW2,euw,europe
888,htchy,br,americas
Report Yi,Anna,na,americas
Elcavo30,BR1,br,americas
Javifast,Dream,las,americas
DeathBlade,0000,tr,europe
dog in the fog,bonk,euw,europe
Nightcore,0701,br,americas
Bugroth,LAS,las,americas
ZUPOJK9,EUNE,eune,europe
iuefh8w7hf48h4w,HAHXD,euw,europe
Picks Is A Nonce,EUW,euw,europe
Mediten,las1,las,americas
BLACKQUEUE KKKK,br1,br,americas
nikos reformed,EUW,euw,europe
HOROHOUND,JP2,jp,asia
Vastus,CVL,eune,europe
deviIish,666,br,americas
kula krul,EUW,eune,europe
harryold,harry,eune,europe
Prodigy,EURD,eune,europe
minju,004,na,americas
Ed Warren,xDDDD,las,americas
META BREAKER,TRYME,tr,europe
NecesOces,EUW2,euw,europe
IA PLAYER,ERROR,br,americas
mmmmcy,LAN,lan,americas
DarkCry777,RU1,ru,europe
Bellion,CLM,euw,europe
swatholy,1799,br,americas
HAHAHAHAHAHAHAHA,6575,br,americas
Zasuo Yi,NA1,na,americas
KingKongMegaDong,EUW,euw,europe
Wushu,2222,tr,europe
KNOCK2,DROP,na,americas
The 2nd Law,001,tr,europe
Johnowo,OWO,euw,europe
NAGELSMANN,69690,euw,europe
memento mori,nikos,euw,europe
fixation,haze,na,americas
isagi,004,euw,europe
NEXT LEVEL,XXX,tr,europe
Grievous Wounds,RU1,ru,europe
kill myself DD,soon,eune,europe
Acereje AdC,Diana,las,americas
xyyyyyyy,EUW,euw,europe
nahash,0802,euw,europe
vaynix,243,euw,europe
PABLITOPESADILLA,666,br,americas
Kobi,catKB,na,americas
what can I say1,zypp,kr,asia
J4N0 tu P4P4,easy,las,americas
Layne in hell,fresh,tr,europe
Lucradrase,EUW,euw,europe
To the Moon,KR1,kr,asia
show maker king,KR1,kr,asia
PrincessdianaCha,420,eune,europe
kingruel,sph,tr,europe
Beyonder,kral,euw,europe
Rank 1 Naafiri,TTV,lan,americas
GodLikeFriqher,TR1,tr,europe
BRUIXA SNIPER,SISPL,lan,americas
Relax,11112,kr,asia
ddwqd,6324,eune,europe
BATMAN,18 06,lan,americas
MrFar3on,8350,euw,europe
shuriken is back,TR1,tr,europe
HYR ZellDun,HYR,lan,americas
Guz Ropny Mentos,EUNE,eune,europe
CollinsKilla,NA1,na,americas
InspireD,BR1,br,americas
Kai9,wosie,na,americas
Prio wins games,EUW,euw,europe
ImRigby,NA1,na,americas
Sigi Sigfried,POPO,euw,europe
LEZO HAS RETURN,GAB,euw,europe
PickelPinocchio,444,euw,europe
moon sword,br1,br,americas
shaygrx,NA1,na,americas
kitty meow 33,l0l,na,americas
le couteau,111,tr,europe
ChatBanned,6969,na,americas
KALISTA  KING,BR100,br,americas
Seur Zieghart,Verel,lan,americas
EKA DonPichi,JGAP,lan,americas
eternal pain,cry,eune,europe
Orinadrienin,GOAT,tr,europe
Microsoft Edge,yenow,br,americas
0foof,TR1,tr,europe
xlampr,NA1,na,americas
Emma1,EUW,euw,europe
PirajuuL,9149,br,americas
N0 PESC0 WE0NE,LAS,las,americas
Wipix,EUW,euw,europe
otan,0001,tr,europe
Race Maudite,666,euw,europe
Lolo Bot,EUNE,eune,europe
Jungle,TR7,tr,europe
gank on,0504,kr,asia
Sanelinib,EUW,euw,europe
NextLevelDiana,EUNE,eune,europe
the promise,starz,las,americas
no feelings,Diana,las,americas
pnd,016,eune,europe
BG du CV,br1,br,americas
Archonte,NA1,na,americas
Dominance,0009,eune,europe
zaiwoxinli,NA1,na,americas
WE DONT INT,NA1,na,americas
EagzGap,CLOWN,br,americas
DEEP SKAR,ZED,kr,asia
XXXASESINO,BUFON,eune,europe
bratuka,0000,eune,europe
79th maryland,079,na,americas
DISBORN,TWTV,euw,europe
Tonyhawkk,EUW,euw,europe
user 1374,NA1,na,americas
N Y,KR2,kr,asia
Kyouko,Kyon,na,americas
www5757,KR1,kr,asia
Shaco,FKLON,lan,americas
GL Sixen,DCMS,euw,europe
Shaco Bitcoin,2157,br,americas
Frosted Cupcake,turd,na,americas
ujo,000,eune,europe
doyeonie,0626,kr,asia
B2U Nord,B2U,euw,europe
YCoyotlY,br1,br,americas
Lavigne,sss,kr,asia
Paradise City,Luigi,na,americas
ttv freshrengar,clean,na,americas
Hungry Hunt,EUW,euw,europe
WILD SHACO,KR1,kr,asia
TestoScoob52,0727,euw,europe
gdfsgredgrey4e5y,BR1,br,americas
Buggy2v9,EUW,euw,europe
iShifty,NA1,na,americas
anujk,NA1,na,americas
DRlFTY,BELE,euw,europe
Superior Hippo,NA1,na,americas
Binho Sorveteiro,br1,br,americas
No Regret Life,KR1,kr,asia
sIay,uwu,lan,americas
Junga,Bunga,br,americas
nobody,ru2,ru,europe
Hellhound,298,na,americas
Tonashihar,br1,br,americas
Joys,Shaco,lan,americas
CrispyJew,6969,euw,europe
Roxxor,R1ELE,euw,europe
Till 68,EUW,euw,europe
20082024,cya,euw,europe
Reverendlnsanity,fang,euw,europe
mano ppk,0chat,na,americas
Do not betray me,Team,kr,asia
HAPPYMEAL444,PRIME,na,americas
Dotlool,EUW92,euw,europe
LEPKAM CQLO BG,ODELO,eune,europe
Burnzy,EUW,euw,europe
Clowntergeistt,Clown,lan,americas
YEAH MB WE 15 FF,WRH,euw,europe
TTV DEMONSHACO,NA2,na,americas
ShaK1NG,LAS,las,americas
FF Zeus,EUNE,eune,europe
kodajkonai,2137,eune,europe
Tricky,007,euw,europe
MadScientist,TTV,euw,europe
gbrZERA,SSP,br,americas
SystemOfAClown,Deb1l,eune,europe
iTzxJoYsTicKzZ,EUW,euw,europe
Pink Wilds,KR11,kr,asia
Bonnie,BLDP,euw,europe
Make it Work,EUW,euw,europe
Inbianco,0000,euw,europe
B3ST ONE,br1,br,americas
anniax,2810,euw,europe
GG Denisovich,GRAZ,euw,europe
TakenHunter,2604,lan,americas
EXP Garguentua,JUNG,euw,europe
acety fun acc,1000,tr,europe
Is not wolfang,NA1,na,americas
Trickster,NR11,euw,europe
Heaven,tt0,kr,asia
Rick,lvdou,kr,asia
zyp hanfu28,zypp,kr,asia
Cheap Dramas,USLLS,euw,europe
lol exquisito,LAS,las,americas
kryj se kryso,asfmw,euw,europe
TTV BroKenSSB,TTV,na,americas
G2 SkewMond,3327,euw,europe
Marcus Aurelius,STO1C,eune,europe
Groinze,EUW,euw,europe
coys,,kr,asia
Kick Ass,KR1,kr,asia
Es Nerf O Nadaa,LAN,lan,americas
Aari,euw2,euw,europe
NextMove,Adapt,br,americas
The Fifth Leaf,LFT,euw,europe
Manjarres,pum,lan,americas
Megaforce,2009,na,americas
insurgent,EUW2,euw,europe
BYOD Poro,jgl,euw,europe
Habin Edward III,NA1,na,americas
StarDizzy,TR1,tr,europe
Future Zed,NA1,na,americas
Braticano,EUW,euw,europe
MrPlaCCek,EUNE,eune,europe
Junichi,nico,br,americas
Sinxnie,S1NXN,euw,europe
Reanimnedy,5876,euw,europe
Accomplish,1299,euw,europe
Xin Zhao,Soled,br,americas
dont trust mp3,mp3,eune,europe
FA Shiedart,Mari,br,americas
farketmezgider,TR1,tr,europe
Viscero,CN1,na,americas
Ace,g0d,eune,europe
4114,EUW,euw,europe
NibbaRudi,TAE,euw,europe
Lille Svend,EUW,euw,europe
Flatlinar,1NA,na,americas
GSW Highlander,WELL,br,americas
KarmaORTeemo,kaka,euw,europe
Lion Barba Roja,LAN,lan,americas
PCS HAMTARO,GOAT,euw,europe
yobue,0424,kr,asia
sanspareil4,SPGG,kr,asia
no chat only 1v9,carry,tr,europe
never give up,ucan,euw,europe
X2daZ,Spear,euw,europe
dota2isbeter,NA1,na,americas
DREAM,KR123,kr,asia
Caprut,EUW,euw,europe
inabilities8,EUW,euw,europe
Jojopyun,KTr,las,americas
Gimkooo,jgl,euw,europe
0liveJuice5,NA1,na,americas
Tiji,ACM,euw,europe
emotionaI,KR1,kr,asia
Wasza Szerokosc,EUW,euw,europe
Karacali,SSS,tr,europe
MatousB1,0420,eune,europe
ASDASDASDdds,cCAnn,las,americas
Drachun Mid Acc,R1WW,euw,europe
Mythran1,5259,eune,europe
IZROTH7,RML,lan,americas
Aftercare,BDSM,eune,europe
Zaun Mendes,VANDR,na,americas
ZauN,Nitas,br,americas
brelia4real,EUW,euw,europe
TTV RiskReforged,Tokz,euw,europe
X Wing,EUNE,eune,europe
TopWolfGG,CZE,eune,europe
183cm83kg25cm,25CM,tr,europe
Neto,SLAY,euw,europe
kyoko,Sakur,euw,europe
Calm Silence,NA1,na,americas
TrollingRookies,EUNE,eune,europe
Hyacinth,CWL,eune,europe
Nurmengard,EUW,euw,europe
f0rsakeN,6095,kr,asia
ihatechanges,111,tr,europe
TOP OMEGA CANYON,YWTDE,euw,europe
Naxus95,1011,euw,europe
TricksterNight,CAOS,las,americas
DG FireWing,EUW,euw,europe
NoKePa2oo,EUW,euw,europe
QuentinTurnBULL,TR1,tr,europe
Ghost,UYD0,lan,americas
LeonZonious,LZS,eune,europe
LYGX Ash,LAN,lan,americas
Akaliperiodblood,Yummy,euw,europe
UN SEGARRO AMEGO,RAVAL,euw,europe
jingle Bell,4349,lan,americas
Clyqingtas,9587,euw,europe
LaSinon,26030,euw,europe
Moosenaski,111,na,americas
RIP,QNXGG,kr,asia
ANIMA LIBERA,uwu,euw,europe
Michelin,LAS1,las,americas
Rakhen,NA1,na,americas
AGROUUU,ALPHA,euw,europe
HEXALOR,TR1,tr,europe
FL kalehond,dog,euw,europe
Xurmagogovp,RU1,ru,europe
Saint Swiss,NA2,na,americas
soy moco,LAS,las,americas
Buggsik,EUNE,eune,europe
FireSin,NA1,na,americas
Eissansipre,EUW,euw,europe
lillillililllili,KR1,kr,asia
Yami no Jigoku,LAN,lan,americas
NeonPrice,TR1,tr,europe
le couteau,111,tr,europe
bloodstained,rug,na,americas
kyosuke,panza,br,americas
Nf6,NA2,lan,americas
BISER,0106,eune,europe
0572928561950478,HELLO,euw,europe
RAMIER,8888,euw,europe
Burgi77,HECA7,euw,europe
GoodDeathsOnly,NA2,lan,americas
ttv intekk,JGL,eune,europe
PAUL POGBA 2014,JUVEN,euw,europe
Verdal,2552,euw,europe
tuntuntuntun,sahur,tr,europe
Dantes,Aevum,na,americas
My Dream LJL,SF1,jp,asia
angiecandy,neal,na,americas
joint,YELLO,euw,europe
can see you,666,kr,asia
BESH ME HARDER,EUW,euw,europe
Ali,0119,tr,europe
JovanaVratiSe,heca,eune,europe
guma,kkkkk,br,americas
SEREGA RAKETA,lol,euw,europe
Lordkukura,1779,eune,europe
THA SE MAXAIRWSW,ggez,euw,europe
chaaz47,1337,euw,europe
The 1v9,ye1v9,euw,europe
Processo Civil,AGU,br,americas
i dont care,cbaaa,euw,europe
sadge dog,kek,eune,europe
Zelleonash,7116,euw,europe
Baatorage,NA1,na,americas
EquinoVelozAgil3,SKR,br,americas
Hunter,IIIII,lan,americas
GiannelisOmonoia,sisa,eune,europe
La rata is glide,Plum,eune,europe
010010010010,0101,kr,asia
Abo obidaaa,111,euw,europe
kabat,noob,eune,europe
iubesc minore,black,eune,europe
vifoEUWHECARIM,heca,euw,europe
ra1der,1337,euw,europe
yfsuygyauysywtey,JULHO,br,americas
Bring Hman Back,1933,euw,europe
Who am I,0802,kr,asia
leesin4,NA1,na,americas
Daiwiky,br1,br,americas
xtc,mirro,euw,europe
NapoleonicSiege,NPCS,eune,europe
IlIlllllllllllIl,KR1,kr,asia
FF FF FF FF FF,FF FF,euw,europe
Pitbull do samba,1214,br,americas
dont stay awake,D3ATH,eune,europe
Quinowilinay,68298,ru,europe
TTizzle830,NA1,na,americas
Shanglui,xpp,eune,europe
Berserk,KR10,br,americas
Muackhin,EUNE,eune,europe
Ofi The Mogger,mewin,euw,europe
TOP OF THE CITY,22222,na,americas
17 ans 0 avenir,95100,euw,europe
marcelove,4i20,br,americas
Eamispi,NA1,na,americas
PoProstuSynek,SZEF,eune,europe
Verdon v2,EUW,euw,europe
Moonkie,01234,euw,europe
Syringepower,EUNE,eune,europe
Daikong,BG3,na,americas
mogging,99999,na,americas
spippi,xvi,euw,europe
Regl Koklayan,cCc,tr,europe
TrueAlpha Rengar,Alpha,tr,europe
Unpaid Astronaut,EUNE,eune,europe
aggelossl,EUNE,eune,europe
IsrarCash,444,tr,europe
veveras003,EUNE,eune,europe
StrikGrunge,BR1,br,americas
Exotic Ninja,EUW,euw,europe
Don Nunu,911,las,americas
miflond555,EUW,euw,europe
Glurby,EUW,euw,europe
jufriosdhso,TR1,tr,europe
Zane,9970,na,americas
Sultan892,3mk,euw,europe
Tuzlo,NA1,na,americas
Dakk3 LFT v2,EUW,euw,europe
rroyal,br1,br,americas
Blake45,LAN,lan,americas
Hustle,RU1,ru,europe
dota2isbeter,NA1,na,americas
BioFire,EUNE,eune,europe
SwL Marrouu,EUW,euw,europe
Fatihix,EUW,euw,europe
Redo,NA0,na,americas
kagavka,KAG,eune,europe
Tetan,EUW,euw,europe
Easy,16211,ru,europe
Doraikon,NA1,na,americas
Chris smileyface,EUW,euw,europe
iochin ikiki,BR1,br,americas
FakeBlueBanana,EUNE,eune,europe
skipwavehelpteam,123,na,americas
RetiredGambler,77777,eune,europe
zuiop21,Zui,eune,europe
SzAiNoK,EUNE,eune,europe
CarterV15,JP1,jp,asia
Br1dgeMan,EUW,euw,europe
FireBrigade,EUNE,eune,europe
buttercreme,3M69,na,americas
Kviksteron,111,ru,europe
Pietrasek04,EUNE,eune,europe
Bug,Feet,na,americas
Miqqy,EUW,euw,europe
Greey,0000,tr,europe
Jankoks,EUNE,eune,europe
Nagahama,0001,kr,asia
Frozy,500,eune,europe
MikeyManjiroSano,EUW,euw,europe
F U S E R 1,KING,eune,europe
Carlinho,777,br,americas
LaLeLo,420,las,americas
KakTvouKot,RU1,ru,europe
Eguita on bush,LAS,las,americas
Pupito508,br1,br,americas
Letzus22,LAS,las,americas
hecee,111,euw,europe
Javichuela03,EUW,euw,europe
Actofnature,EUNE,eune,europe
Chrovos,1503,na,americas
OTPyke,12344,tr,europe
DontEvenLike,You,na,americas
HEEEELO MA FREND,EUW,euw,europe
Coltz,999,lan,americas
Dryan is Kira,King,eune,europe
AgenteJef,777,lan,americas
hi im JG min,EUNE,eune,europe
Auspex,MBS,na,americas
Amrr,Annie,na,americas
Bug,Feet,na,americas
RG Stefwhynot,JGL,euw,europe
as5zmqk8rtnsld41,1234,na,americas
guangtijgk,gtsu,kr,asia
MISS HER,EUW01,euw,europe
Gebby09,Bull,eune,europe
THE THROAT GOAT,FRKSZ,las,americas
rn acc,0303,euw,europe
Farmazoniarz,EUW,euw,europe
iLikeRatFeet,EUW,euw,europe
estic aburrit,dani,euw,europe
kevoe,EUW,euw,europe
SaptanTrion,RU1,ru,europe
Sniffemonster,0161,euw,europe
PizzaYolo75,EUW,euw,europe
Rey makako,LAN2,lan,americas
Shadow EL Momes,MOMES,euw,europe
Lfz,br1,br,americas
Baxenanca,TR1,tr,europe
runnerby,00000,tr,europe
Mike,MOB,na,americas
Maliketh,3850,las,americas
League of ff 15,ff15,euw,europe
haversack,haver,na,americas
cazazurdos,eaa,las,americas
omega1160,LAS,las,americas
Aleksandur200,EUW,euw,europe
Zubac,VIEGO,euw,europe
Mahiru Shiina,LCS,na,americas
auslander,361,tr,europe
Cexldem,EUNE,eune,europe
Xinxa,4tree,br,americas
SniperChicken,NA1,na,americas
DodgeMyEbola,brzi,eune,europe
xKeySo,1337,eune,europe
Dayforce,EUNE,eune,europe
teamatesareblack,833,na,americas
Gutsu,3107,euw,europe
Haha High,123,tr,europe
Habubu,OvHoE,euw,europe
DaXiongMaoD,3213,euw,europe
Macaking,lola,lan,americas
caillo,one,kr,asia
Kral Vixen,2006,euw,europe
s3s3 glee glee,EUW,euw,europe
Supreme King,JUDAI,euw,europe
Vikont,WU1,tr,europe
Mortem,119,tr,europe
Boa Hancock,KongA,lan,americas
SC Thorizal,GOAT,euw,europe
Archi,Dell,euw,europe
super eepy acc,eepy,na,americas
Tabla Periodica,perio,las,americas
romazal,EUW,euw,europe
Mr UNCHAINED,42000,eune,europe
JAYA sX,xerek,br,americas
I Preacher I,EUW,euw,europe
LenizKONG,wuk,br,americas
WNR,LAN,lan,americas
Alber,XDD,euw,europe
Ace Henry,NA1,na,americas
Y99k,000,kr,asia
GENERAL MONKE,MONKE,eune,europe
sknahS,VVUE,euw,europe
Monah14,RU1,ru,europe
MICI12,LAN,lan,americas
TTV Pikabam,001,las,americas
About Me,413,na,americas
liIliiliillili,EUW,euw,europe
2222222V2222222,00000,euw,europe
SelfharmMiske,Cut,eune,europe
Mel,Vayne,euw,europe
Ulfric,0737,tr,europe
EkkoSuna,2526,euw,europe
Zandrmal,EUNE,eune,europe
TryhardEkko,0407,euw,europe
ImKind,Xes,tr,europe
austria painter,Laura,euw,europe
ALL RED,1079,euw,europe
TRADER rentable,3177,lan,americas
H777777,G17,euw,europe
sozan,LPG,euw,europe
El Brayayin,LAN,lan,americas
origami angel,mwe,las,americas
Caci,EUNE1,eune,europe
kriscgl,1944,eune,europe
Jestem D00PKIEM,EUNE,eune,europe
jaymarcos,ekko,br,americas
yamete daddy,gasai,tr,europe
AIwaysAgainstMe,CR7,euw,europe
ToMan Chi,LAN,lan,americas
chunzhikun,zypp,kr,asia
2777,277,kr,asia
NoMango,SMKR,na,americas
BONGOS,2007,kr,asia
ObeRmAnHApHEB,XEUEW,euw,europe
Nyne,999,na,americas
Euphoria,honey,lan,americas
ELE FENT,1HAND,euw,europe
Cookielolxx CP,EUNE,eune,europe
Douyin jugtao,ekko,kr,asia
Top G,4817,na,americas
help me,3030,eune,europe
Keo,KR2,kr,asia
RedXtasy,EUNE,eune,europe
oxanda,br1,br,americas
Gutz,EXU,br,americas
white ferrari,7777,euw,europe
rasharo,EKKO,las,americas
george floyd,ns1,euw,europe
iTzKinG,EUNE,eune,europe
jeff bezos ama,zoe,br,americas
uav,777,br,americas
BileygOneEye,EUW,euw,europe
Jorjos,1210,euw,europe
Jennie,zzzzz,eune,europe
Doraemon,yuche,kr,asia
SR KNZ UCHIHA,LAS,las,americas
VC BARRE,sarre,euw,europe
americanvenom,444,tr,europe
Ekko,hamsi,tr,europe
ovine hall,777,euw,europe
AikaPoika1000,Ekko,eune,europe
gsau,LAN,lan,americas
sdq,KR1,kr,asia
Ekkooneshot,911,las,americas
QueenOfDisaster,Lana,las,americas
Lil Gasai,Sky,na,americas
caball0conesc0ba,LAS,las,americas
BrevDue,Potet,euw,europe
ianzera,mengo,br,americas
sad dreamz,sad,euw,europe
leker,2006,kr,asia
DaniFari165,Fari,lan,americas
Chu,KEKW,euw,europe
LC ElGordoNunu,nini,las,americas
ryan gosling,imnot,euw,europe
Ung Hertug,EUW,euw,europe
JSkiLLzZ,EUNE,eune,europe
RAFKOS,EUW01,euw,europe
Ash Maverick,00001,na,americas
BEYOND,HKG,euw,europe
7ED,br1,br,americas
RTnugget,EUW,euw,europe
Wasteland,865,euw,europe
FantasticBorek,TR1,tr,europe
MisterDarcy,NA69,na,americas
Poisonedkid69,EUNE,eune,europe
Twitch MajinZacc,BOO,br,americas
checca,0001,na,americas
Legas,Zac 1,br,americas
gigachadrick,chad,na,americas
uroskg,EUW,euw,europe
Komenti,TR1,tr,europe
qweasdz,5555,kr,asia
Kouyx,Kouyx,br,americas
Barko,614,tr,europe
CHIEFKEEF JG ACC,300,euw,europe
aaquad,NA1,na,americas
chaoai,IU1,kr,asia
HOES LOVE ME,6969,na,americas
Lingdroquan,NA1,na,americas
2121212121,12121,euw,europe
The Great Spider,NoT,las,americas
Rams,Zac,euw,europe
Petite jute,3636,euw,europe
FVN Brunox1001,1001,br,americas
heller124,NA1,na,americas
DenKerHn,br1,br,americas
Kayn,Jung,ru,europe
ALE GENTILEZA,cana,br,americas
4 Stars,god,na,americas
vorkisak,EUW,euw,europe
Smurf Midisoki,LAN,lan,americas
OneAboveAllLoki,LAN,lan,americas
Brunox1001,br1,br,americas
NAIRBE,0013,euw,europe
ZACanagem,br1,br,americas
zactochall,EUNE,eune,europe
darklord70,NA1,na,americas
Scahm Kench,EUW,euw,europe
yss,911,eune,europe
Miasekin,1912,tr,europe
DiMaN4iG,4ypka,ru,europe
So bad in TFT,NA1,na,americas
berryrasp,EUNE,eune,europe
Anchor,XDD,eune,europe
ZAC TILL 1000LP,Krtom,euw,europe
lionvjug,031,kr,asia
Luizera,nos,br,americas
22Wolfalpha22,WOLF2,lan,americas
sia,lvoe,kr,asia
Jabberwocky,1871,euw,europe
ferie spilleren,EUW,euw,europe
MrWolas,EUNE,eune,europe
zJeff,LAN,lan,americas
BECNAC,EUW,euw,europe
JackInTheBox,rudy,euw,europe
Sexy Zac,EUW,euw,europe
suy mai warwik,LAN,lan,americas
Bibi,xdd,euw,europe
Je4ll3y,kr2,kr,asia
PIRADOZACMALUCO,LOUCO,br,americas
ELSMAR,LAN,lan,americas
LCD Soundsystem,EUW,euw,europe
DanknGreen,NA1,na,americas
RichPaul420,NA1,na,americas
School Bully,ZAC,euw,europe
Zacola Gamer,br1,br,americas
Hawlight,loser,euw,europe
ksferdek,EUNE,eune,europe
Yazratche,bia,ru,europe
Roar,KR2,kr,asia
Mikey,81194,na,americas
Katerina Petrova,1515,lan,americas
Chaofun,NA2,na,americas
AdasTR,1211,tr,europe
Fefin Maceta,TESAO,br,americas
Zerientanga,FEAR,las,americas
smurfsarefeeders,NA1,na,americas
navets,steva,eune,europe
JBe,br1,br,americas
izabhela,bdsm,br,americas
ComedorDeBifanas,Tuba,eune,europe
Kuo,0209,kr,asia
L0ganJG,069,na,americas
Riggu,6969,euw,europe
greenday,gloom,kr,asia
anotherpermatogo,EUNE,eune,europe
damiandak,DAK,lan,americas
Suggarr Mommy,TR1,tr,europe
IOP EAU 140,GUIRL,euw,europe
GdeGiako,7373,las,americas
Castle,ARG,br,americas
casca7x dos pred,6969,br,americas
Ortekko,Noba,las,americas
Wenceslau,BR2,br,americas
Zwei,BR69,br,americas
Dx777,RAJOT,euw,europe
Blazed4Days,NA1,na,americas
Saint Aqui,br1,br,americas
me myself and I,mine,lan,americas
Ainda to cm fome,Briar,br,americas
PROMVAL,999,kr,asia
litonex,1234,eune,europe
12Months,Year,na,americas
Tokmak,3838,euw,europe
D3lzer,EUNE,eune,europe
i love feet,briar,euw,europe
Enderluks,Briar,br,americas
hemorragia nasal,bdsm,br,americas
Agressive Kitty,EUNE,eune,europe
simon,purpp,euw,europe
Melibawz,Meli,br,americas
Mozzada,Briar,na,americas
Mage,1825,lan,americas
Akaps,Fancy,kr,asia
Sanguinius,M40,euw,europe
LaMasJugosa,6969,euw,europe
frederico filho,2111,br,americas
Squirb,NA1,na,americas
rush4,KR2,kr,asia
Hexsise,8472,na,americas
Biinh,Corgi,na,americas
MrGaliant,Mr1,ru,europe
heavy lifting,dqpb,euw,europe
Tazx3,000,euw,europe
Arraxx,EGO,lan,americas
Ok Trust Me,KR1,kr,asia
Sanctify,1337,euw,europe
Roar,Briar,kr,asia
Sung Jin Woo,KURAI,euw,europe
ASTA LA VISTA BB,NA1,na,americas
zarganaa hunter,zrgnn,euw,europe
kille Klouzack,LAN,lan,americas
Kiceo,EUW,euw,europe
BloodQueenBriar,Briar,eune,europe
Ms Ganyu,Cryo,br,americas
taru,001,euw,europe
Wildboar,kr2,kr,asia
YoneWick,BSB,euw,europe
Hookei O Gado,2806,br,americas
BizimEGGbu,5343,tr,europe
another year,dct,euw,europe
meowgosia,uwu,eune,europe
test99,987,euw,europe
CZJ7HHQVA9CWCX89,af1,tr,europe
Mugen,luv0,euw,europe
HeartlessElf,Elf,euw,europe
Joorg,EUNE,eune,europe
SHILYX,2007,kr,asia
Think Mark,4fun,na,americas
Emperor,0815,euw,europe
EU CanyonOner,JGgap,euw,europe
sleep late,0606,kr,asia
Hope,T1FAN,euw,europe
ewniah,PR1,na,americas
PesteDeVenetia,Clown,eune,europe
usuariogenerico2,LAS,las,americas
Zeta,Rev,lan,americas
cute kitten,shy1,euw,europe
4 Reasons Why,EUW,euw,europe
nnookkzz,596,euw,europe
Cisne de Gelo,frog,br,americas
tokkami,EUW,euw,europe
naau1,EUW,euw,europe
Stuart,L0k0,br,americas
Cross,BR62,br,americas
invitation,wait,euw,europe
mopsiK,Lamb,eune,europe
BOOST BLONDS DM,LOVE1,na,americas
N9NExASIAN,NA1,na,americas
Supernova,VITA,euw,europe
isac,INT,euw,europe
jungle,5555,euw,europe
Spicy Creampuff,RxS,na,americas
Sriffow,0000,euw,europe
The Fifth Leaf,LFT,euw,europe
SXT Davitikus,EUW,euw,europe
kimchi,chubs,na,americas
Kulgan,001,na,americas
watermel,9999,kr,asia
Rick D Luffy,LAN,lan,americas
AL FOKIN 15,LAN,lan,americas
spme,quin,na,americas
Alverya,Alve,eune,europe
Nessberry,0707,euw,europe
noataga,Simon,euw,europe
tuxas,noEGO,br,americas
Spinko,EUW,euw,europe
4ll g4mes tupr4,BR96,br,americas
DearWolf,BACK,euw,europe
Ina y Ani,lan1,lan,americas
kisno,NA1,na,americas
Somango,LAN,lan,americas
jg montaged,KR1,kr,asia
EbbFlow,Kindr,jp,asia
simple things,001,na,americas
SexyHugoBabyKing,GOD,na,americas
Solo,3633,kr,asia
Ssaiko,CN1,euw,europe
Erukam,EUW,euw,europe
Honor,CUWIN,na,americas
perryjg,quack,na,americas
SmiteOverrIgnite,EUNE,eune,europe
TheBoyWhoLifted,DOGO,eune,europe
MaYsTeur,EUW,euw,europe
Matty,0007,na,americas
AMON ZODIAC,KILL,eune,europe
Son of No One,EUW,euw,europe
Cikey,TR1,tr,europe
ill try,EUNE,eune,europe
Erubin,Fenix,euw,europe
Nadir,br1,br,americas
Mathio in the jg,Grind,euw,europe
4242,3309,euw,europe
Lucetius,GOD,tr,europe
Gremy2,EUWD,euw,europe
perryjg,832,kr,asia
4ll M1ght,EUW,euw,europe
Dopamine,3152,euw,europe
Shaco is a Girl,66666,euw,europe
GODzik,EUNE,eune,europe
chosentwice,NA1,na,americas
Cole Palmer,Laser,eune,europe
stivert123,EUW,euw,europe
Dafatinaliam,1882,euw,europe
JOSEPHBWIPOMODE,0001,br,americas
ismailtaboubi,EUW,euw,europe
smugglarn,EUW,euw,europe
Permanent pain,kev,na,americas
OG Yakal,EUNE,eune,europe
Hemlandaren,SWE,euw,europe
Cookiemanman,Jyoon,na,americas
Fareoh,EUW,euw,europe
Leyan,heca,euw,europe
Viking,100KG,euw,europe
Dunkin,003,euw,europe
DRAGITTO,noaim,euw,europe
enddurself,wuju,euw,europe
Gogojo,JGL,euw,europe
Old Sensei,EUW,euw,europe
Andain,9301,eune,europe
justebu22,1010,tr,europe
Hannu Bulsen,EUW,euw,europe
Skibidi yasu,diddy,eune,europe
Glyalarian,1235,euw,europe
raebiloV,TOP,kr,asia
Young Frex,LAS,las,americas
bicas,Faker,euw,europe
patrick12,patri,las,americas
DIBAN,STORM,las,americas
mamradlivance,1234,na,americas
Zandrmal,EUNE,eune,europe
0TheFartInhaler0,EUW,euw,europe
AnotherGanker,NA2,na,americas
wenwin,wenny,na,americas
MonkeyKing,DIFF,euw,europe
KingRammus,1337,euw,europe
MrClisti,EUW,euw,europe
Perun,KR2,kr,asia
Galex AP,LAN,lan,americas
ElCuerpoDeCristo,LAN,lan,americas
Xplorer,1312,euw,europe
TheCallMeLedio,diff,eune,europe
Yellena,tsung,euw,europe
Acrozo,0001,eune,europe
Ninyos,him,eune,europe
SMN Silenced,1211,lan,americas
EXP Garguentua,JUNG,euw,europe
Naru,0004,lan,americas
pharao,1111,euw,europe
MORTISHAHAHAHAHH,66666,br,americas
south of heaven,KRiC,euw,europe
Kinaynne,EUW,euw,europe
YNTsplinterr,NA1,na,americas
Whitelies,tia,tr,europe
Cuddle Cat Kaos,EUW,euw,europe
vuqfutqsefuqefqz,12345,euw,europe
Sae,abate,lan,americas
bored,44444,euw,europe
V222 is Daddy,UwU,euw,europe
0007,228,ru,europe
HoYoverse Slave,K405,euw,europe
PTSD,GOD,eune,europe
ELO HEAVYWEIGHT,CN2,euw,europe
nikita,3131,tr,europe
SherlupIsHim,111,na,americas
dust or gold,lec,euw,europe
Falling Flower,SVT13,euw,europe
Avispa Culona,lllll,lan,americas
Swanysskel,EUW,euw,europe
Finality,K405,euw,europe
Moonn Shadow,LANA,las,americas
wx PAPITO,jesus,euw,europe
incient,6969,na,americas
DRINK HER BLOOD,876,tr,europe
BunnySIut,999,na,americas
Pegqhund,LAS,las,americas
L9 NGR FKN1 LEO,HYENA,las,americas
kicktv Lymos123,SZN15,tr,europe
kill dyll,876,tr,europe
George,12310,euw,europe
onvt,vvv,kr,asia
selfdestroyer,mxntI,tr,europe
Sherlup,NA1,na,americas
SKT T1 seiya157,LAS,las,americas
kocham winter,owo,eune,europe
Aurora,1678,tr,europe
16azsxc9jxzho0hx,454xx,las,americas
hopeless,1310,euw,europe
MID NEXT ADKING,1SHOT,lan,americas
THE HYENA,fist,las,americas
Discord gg dose,King,euw,europe
Chanchito,ARG,las,americas
TEMS,naija,na,americas
rato ensaboado,SSS,br,americas
Demon1,0001,las,americas
blue lightning,zoom,na,americas
FVN Feng,Ultio,br,americas
as I lay here,dying,tr,europe
Khabib of SoloQ,HVC,euw,europe
astroviolence,999,las,americas
Berik,fish,na,americas
kbzn,zzz,las,americas
sleep,JUG,kr,asia
EndlessLies,luv,euw,europe
aegis,777k,euw,europe
VUYAH MIKIS,bruja,las,americas
Omar Marmoush,silva,euw,europe
rather lie,303,eune,europe
love,ydkm,na,americas
LetsAllLoveLain,L41N,br,americas
EloBuddler,Mole,euw,europe
Dark,0130,kr,asia
ill irl,EUNE,eune,europe
John Wick 5,KEANU,euw,europe
73062426del,KR1,kr,asia
gigachadrick,chad,na,americas
Grow1ng,LAS,las,americas
Ulquiorra Cifer,Eden,euw,europe
arkadata v1,EUW,euw,europe
Jenxas v2,EUW,euw,europe
PICANTIT0,LAS,las,americas
123awpjgkhqk,snov,br,americas
5862pp,yep,euw,europe
C R U E L O W,LOWS,eune,europe
Sash,Col,lan,americas
kileris10,EUW,euw,europe
Hate me now,shhh,euw,europe
4batz,004,euw,europe
T1 Keria,Diddy,euw,europe
shiro,sora0,euw,europe
opqwid,qwid,na,americas
Sukran Reborn,lov,euw,europe
ZodeLiak,Cicky,eune,europe
Cari,sora9,na,americas
Uelahmairke,RU1,ru,europe
Christian Dior,L9v1,euw,europe
G2 ANDREWTATE,xdd,na,americas
L0u1s,WRr,euw,europe
ilsafy in NA,mb1,na,americas
DANIELLARSONFANS,05621,na,americas
TB Fuyuki,LAN,lan,americas
Tainted Kami,333,euw,europe
Tokentastic,EUW,euw,europe
greenreaper007,EUW,euw,europe
le phenomene,AKOS,euw,europe
GigaOOF,NA1,na,americas
Fiddlebricks,Fidd,euw,europe
Muttinho,001,las,americas
Cups,8787,na,americas
N1 Daynas,EUW,euw,europe
Lorath,KR1,kr,asia
ElmillorFanBoy10,LAS,las,americas
cabeza,vulva,las,americas
RengarProMaster,EUNE,eune,europe
uanvinain,LAS,las,americas
PERCENT,2001,br,americas
ioio22,kr2,kr,asia
Ray,gmini,eune,europe
DrUno,UNO,na,americas
ImortalKillerBR,br1,br,americas
Tiveleyef,LAN,lan,americas
Lord Knight,LK1,lan,americas
MaXitoAdriano,LAN,lan,americas
Sigma Grindset,smoke,euw,europe
NDMay0,NA1,na,americas
Esssatet,5077,na,americas
YoMenik,MOBYN,euw,europe
VLLC,MILEI,lan,americas
Blobby,001,euw,europe
General Logius,EUNE1,eune,europe
alright than,PhD,na,americas
Mimage,123,na,americas
ponkins,NA1,na,americas
Fakon,12345,br,americas
Pegao,BOT,euw,europe
Prime,JUNGL,na,americas
guzcarlosx,LAN,lan,americas
PREGNANT PIG 666,66666,euw,europe
Bob Tschigerillo,B1CEP,euw,europe
John El Greco,Greco,euw,europe
ALEX HO,NA1,na,americas
andrzej dymisko,333,eune,europe
Aeaddon,EUW,euw,europe
Only Ranged TOP,1337,eune,europe
The Exceed,NA1,na,americas
shacotime,KR2,kr,asia
Cho Woo Hyung,KR1,kr,asia
Brainless Efyra,6879,eune,europe
XeQM4T3,XeQ,br,americas
Lyubimii,uWu,tr,europe
Madhusito,BBTO,lan,americas
lvl 99 ohio boss,nerd,euw,europe
JebronLames,WIN,euw,europe
TB Fuyuki,Fuyu,lan,americas
UKEL Sub Jgl,EUW,euw,europe
LostWarriors,LAN,lan,americas
Cid,2999,las,americas
Project amock,KR1,kr,asia
Im the lucky boy,KR1,kr,asia
moin,moin0,na,americas
startup,ask,kr,asia
last night,party,br,americas
RebornMountainx,NA1,na,americas
zzZRafinhaZzz,SOPA,br,americas
T1 Scythe,EUW,euw,europe
Last go,0731,kr,asia
CHAMA,KR87,kr,asia
ma lolo2,EUW,euw,europe
LIN,0619,na,americas
Raxhy,000,euw,europe
OLYMPIA 2027,1337,euw,europe
xokrates,247,las,americas
Its Ibarazinho,Biss,br,americas
MB SorryMaker,Sorry,jp,asia
kehaq,EUNE,eune,europe
Gui,9965,br,americas
xFast0,LAS,las,americas
SouIIess,BR1,br,americas
Onam,3000,euw,europe
llllEllll,lElEI,euw,europe
Ekin,BGT,na,americas
Gromp Rider,SEJ,na,americas
Lesbian Yandere,wlw,euw,europe
Tanja Savicc,EUNE,eune,europe
c4lidus,EUW,euw,europe
Zatalana,Alb,eune,europe
Summoners Rift,Rank1,eune,europe
juanopior,br1,br,americas
Dadou,FF15,euw,europe
LunaVoltuniel,EUNE,eune,europe
Yuriyumilol,NA1,na,americas
tonypolanco,6159,las,americas
chickyfighthard,EUW,euw,europe
flere,000,na,americas
balulover,fiuza,br,americas
Deef,2991,euw,europe
GaaBriieel,Chile,las,americas
Just1Bastard,FRA,euw,europe
lolloashe,EUW,euw,europe
kvbik,ezz,eune,europe
Bubble Rhino,EUW,euw,europe
Vinny,inf,euw,europe
KUNO,348,tr,europe
ProBo1337,EUW,euw,europe
JieJie,LPL,euw,europe
JSAG,ELOHA,euw,europe
La Mariposa,1210,kr,asia
PiGiXx,EUW,euw,europe
Groumpi,0505,euw,europe
poopoogan,NA1,na,americas
ALE GENTILEZA,cana,br,americas
Diddy,LAN,lan,americas
Theick,1108,br,americas
SrMoguel,waows,lan,americas
forwoij,EUW,euw,europe
TropicWar,EUW,euw,europe
AD Sin,NA1,na,americas
tulinha is Life,br1,br,americas
Freebaboon,APE,euw,europe
7CoPaSX,br1,br,americas
ARK BABUS,ELRIC,euw,europe
Leonardo Marin,RU1,ru,europe
ANT EGGWUH,NA1,na,americas
SPG Sapitolegend,SPG,las,americas
asuna,lcz,br,americas
Hartinfarct,000,euw,europe
EnJoy,KR02,kr,asia
Raquoz,NA1,na,americas
Cpt Maelstrom,SEJU,eune,europe
U Han,123,kr,asia
zhangyueyue,1029,kr,asia
AJbaonv,CN1,kr,asia
i dont care,cbaaa,euw,europe
Kroll,LAS,las,americas
Aginomoto,br1,br,americas
zzz0drk1,EUNE,eune,europe
disgusting loser,148,eune,europe
WQEQWEWQ,WQEQW,kr,asia
Judgement,EUNE1,eune,europe
Strizban,EUW,euw,europe
UR26Ci124Q,alwen,ru,europe
Stalken Hendrix,316,tr,europe
xiaohanbao,zypp,kr,asia
sterile,kr2,kr,asia
Lix,Gun,kr,asia
Suaodeabusu,BR1,br,americas
tumay1x198,EUW,euw,europe
Tanjiro Kamado,ARA,euw,europe
super sajanac,3004,euw,europe
Birdy Cephon,Atera,eune,europe
Byksir4eg,RU1,ru,europe
PNG Caca,paiN,br,americas
HLE PEANUT,0216,na,americas
Fear,Night,kr,asia
homicide55555,00000,eune,europe
Subhuman 8,mayd,euw,europe
tahe,hehe,na,americas
Chosen,0608,br,americas
XmasCandy,2015,kr,asia
sdfasfdasfd,134,kr,asia
menor capeta,003,br,americas
Van Der Linde,999,br,americas
komanche uchiha,elite,euw,europe
ASTROBOY99,NA1,na,americas
FURIA Tatu,10y,br,americas
ElonardoDiCarryo,666,euw,europe
speedboat,999,euw,europe
JGKING,QAQ,euw,europe
Babaanne Hunter,XDDDD,tr,europe
Smurfnaaa,LAS,las,americas
Hope,NA23,na,americas
kaptur,1111,na,americas
meowlittlekitten,uwu,euw,europe
Rabaissage,85510,euw,europe
Kaorizhu,5970,br,americas
TL Honda KTG,LTAN,lan,americas
kaerboN,945,euw,europe
pentaless,NA2,na,americas
IsAmUxPoMpA,almnt,eune,europe
wigabee,EUW,euw,europe
RAVE BAE,DEVO,euw,europe
Kusakabe Shinra,win,euw,europe
20 03 2003,945x,euw,europe
18 bmi princess,julia,euw,europe
glory,pet,euw,europe
II Asvii,EUW,euw,europe
HellCaseAddicted,EUNE,eune,europe
Spradz,NUNU,eune,europe
Showi,DBZ,las,americas
Xukz norris,LAN,lan,americas
SS Karaboudjan,NA2,na,americas
GHOSTSKULL,021,br,americas
FVN LELEY FANBOY,VEIGA,br,americas
GG Nunu Wins,EUNE,eune,europe
monczos,EUNE,eune,europe
hehexd420kappa,dopa,eune,europe
mauvais augure,3538,euw,europe
in fine vincam,nunu,eune,europe
sourrabbit,NUNU,na,americas
NickTheFreak,EUNE,eune,europe
Pentaless,penta,na,americas
Ciajdray,7670,na,americas
Irag,1234,las,americas
Douyinkoe,qwe1t,kr,asia
TheThirdPhalanx,EUNE,eune,europe
HHHHHHHH,EYUH,euw,europe
Walter White,0052,na,americas
Odir,LAS,las,americas
slodkamartynka69,5150,eune,europe
Adamec,15915,eune,europe
TCR Svell,TCR,lan,americas
HANNI ENJOYER 32,UWU,lan,americas
HeistLOL,1337,eune,europe
HEY WATCH OUT,Tom,na,americas
SevenJett,7777,na,americas
Hubris,Over,eune,europe
Saucypillow,508,na,americas
majulioli,MaJul,br,americas
Fox Of Nine Tail,KR1,kr,asia
Grell,3010,na,americas
FrankOceanBl0nde,KR1,kr,asia
cyanide,6 6 6,eune,europe
rzt,80140,euw,europe
Snowball,aura,na,americas
Pindmineroos,Karv,ru,europe
Kasaiii,yoo,eune,europe
garmin9,EUNE,eune,europe
Tim Shady,EUW,euw,europe
kevin,uta,euw,europe
Eudaimonia,bonk,euw,europe
Janio quadros,1423,br,americas
Onam,3000,euw,europe
TheGH0ST,br1,br,americas
Vinite,Mayu,br,americas
Stalccer,EUW,euw,europe
GIT BIG RAT,RATA,euw,europe
Sinnyboo420,NA1,na,americas
dangaringo,1617,tr,europe
TTV Martinmonse,1511,las,americas
Mr Bola,PAGYS,br,americas
Puddermaas,EUW,euw,europe
GeorgeBushcamp,NA2,na,americas
Darong,LAN,lan,americas
chall or go home,EUNE,eune,europe
xLittle Bee fan,000,euw,europe
DS Nauth,BR1,br,americas
xyu,KR2,kr,asia
BAM Goliath,2002,euw,europe
JustLikeThatKR,KR159,kr,asia
DanGer v24,EUW,euw,europe
Leru,0711,euw,europe
mahhi1029384756,EUW,euw,europe
rudxo,xorud,kr,asia
EDG WiNK,CN1,kr,asia
immersive,EUW,euw,europe
Ding zhen 1,NA1,na,americas
zamazingotalon31,berat,tr,europe
FOXZAO,elise,br,americas
Hamamura,br1,br,americas
dogjoey,XDXD,euw,europe
Tchapao,EUW,euw,europe
Elise,0723,kr,asia
tarzaned patreon,edate,na,americas
Imagine Legends,KR1,kr,asia
Jesus is King,7711,euw,europe
echo QAQ,9099,kr,asia
Lelllee,0131,kr,asia
ELICEzz,zzz,kr,asia
Qiannyolis,NA1,na,americas
TSS Stitch,TSS,euw,europe
The Snorbbler,Snorb,euw,europe
dopamine,0531,kr,asia
hole,0307,kr,asia
aBsentzin 11,171,br,americas
3ldrichh Sama,JKING,tr,europe
BunnyFufim,EUNE,eune,europe
zyp hanfu28,zypp,kr,asia
Vibrant Hues,Blue,na,americas
Hidon,123,euw,europe
V0ko12,8430,eune,europe
A quiet jungler,AQJ,las,americas
Gi Taek,KR1,kr,asia
FyeD,JP1,jp,asia
blessed angel,369,ru,europe
mimi,yaha,kr,asia
Wakato,EUW,euw,europe
MMPoWeR7,EUNE,eune,europe
QQMT,0825,kr,asia
HiroKing,LAN,lan,americas
BLindGuardiaNas,TR1,tr,europe
am happy,777,eune,europe
Agurin,DND,euw,europe
Witchers power,EUNE,eune,europe
carrryy,2003,kr,asia
xLittle Bee,Chav,euw,europe
FA Perfect,ZYUR,br,americas
selva gap,MADA,las,americas
cioxz,KR1,kr,asia
Colourless,EUW,euw,europe
i envy you,black,eune,europe
Devil,EUW11,euw,europe
HuasoDeodo,LAS,las,americas
Xkaappi,EUW,euw,europe
egirlp1ssdrinker,yummy,eune,europe
Jippy,rank1,euw,europe
ammoniaboi,chill,na,americas
Evelynn Abuser,eve,eune,europe
Sorte,98765,br,americas
cs16bhop,15903,eune,europe
Radyona,789,tr,europe
shocik,eve,eune,europe
ceri fun acc,TR1,tr,europe
twtv gilson,EUW,euw,europe
Culito Demoniaco,LAN,lan,americas
Slutty Tadpole,sadge,na,americas
Diguin,7648,br,americas
Dryan is Kira,King,eune,europe
Whip,54321,euw,europe
SZA,121,euw,europe
ptasznikeZZ,EUW,euw,europe
TelluricRhyme,UwU,br,americas
xyxykky,2025,kr,asia
intentosdebeefXD,lasss,las,americas
Uemuet2002,EUW,euw,europe
dias,eve,br,americas
Furina,diva,br,americas
Minato Aqua,EUW,euw,europe
Imm0rtalKing,EUNE,eune,europe
GKO Ordoban,666,euw,europe
UwUlynn,KDA,eune,europe
viskamy,NA1,na,americas
OshinoSAMA,JP1,jp,asia
ElmilloR eve acc,GORDO,euw,europe
EAT ENEMY KIDNEY,LIVER,euw,europe
4 AP DOG TEAM,XDDDD,euw,europe
SKULLKNIGHT,00001,euw,europe
teola,3131,tr,europe
Pathing diff,2003,eune,europe
GUILLIAN777,777,eune,europe
evelynn oguz,777,tr,europe
cheri cheri lady,4xx,eune,europe
Azar,56789,br,americas
nevERENough,2309,euw,europe
kaz balagan,EUW,euw,europe
RADOSWXCTH,pump,tr,europe
801 xdddddd,801,las,americas
Silent Nunu,ROLL,euw,europe
Elevynn,eve11,tr,europe
linsama,0000,kr,asia
eveking1,br1,br,americas
Arcano,CN1,euw,europe
Shieda Evelynn,Jenn,lan,americas
lionvjug,666,kr,asia
dr daddypapi,EUNE1,eune,europe
thefighter,2024,na,americas
L9 slodki kotek,2007,eune,europe
Adian,2137,eune,europe
lookbehind,9009,euw,europe
EMBRACE AGONY,EUW,euw,europe
Meta Morten,EUW,euw,europe
Uncle Phil,4PF,na,americas
nooobslayer6942O,noob,eune,europe
Chat off,bggie,euw,europe
FVN Arlon,arlon,br,americas
KlLL LowBobs,HEXA,eune,europe
Leniahasidru,EUW,euw,europe
questionable 3,what,euw,europe
ZythoBootcampACC,EUNED,eune,europe
MhmYepSope,SOPE,euw,europe
Zane,cyb3r,br,americas
ihatechanges,111,tr,europe
nininininininini,lice,br,americas
sitrual,12345,tr,europe
TRALALEROTRALALA,47821,tr,europe
Kadota,KATSU,na,americas
graphalo,nate,na,americas
EL PATRON,COKE,tr,europe
chaechae1,lmao,na,americas
Spring,0202,kr,asia
willfindyou,c152,kr,asia
Sati M,JNGL,euw,europe
apoyu siqen,KFero,tr,europe
Jin,luv0,euw,europe
ISHIM,BGX,ru,europe
Arlon,br549,br,americas
Vernhess,EUNE,eune,europe
Conor McGregor,MRGre,euw,europe
suzuya,zz x,las,americas
bush enjoyer V2,LuL,eune,europe
rengking,RENGR,euw,europe
daiben,br1,br,americas
Deus,2343,eune,europe
avance2bz,Jima,euw,europe
Bass Pro Lover,NA1,na,americas
OREGONTRAIL,yes,br,americas
Sicklikeme,Ankou,na,americas
Es Reich Nicht,Zyon,br,americas
Bl4cKey,EUW,euw,europe
Rengar Bot,papCU,br,americas
against the odds,0987,las,americas
Rengar King,meow,eune,europe
CodyWasTiny,NA1,na,americas
Biov2,023,na,americas
Paranoia,ARL,eune,europe
eshkere,skrsk,ru,europe
Bobby McFreeWin1,NA1,na,americas
kanon,ssj66,las,americas
Aweki,4444,eune,europe
Rengar King,Panic,br,americas
ElDawgtor,Woof,na,americas
Exan,rain,euw,europe
petey,BMT,euw,europe
6yonlu9,br1,br,americas
ChunkoLow,deify,euw,europe
IllllllllllllllI,III,na,americas
GODLETUS,6969,euw,europe
SVengaL,331,tr,europe
Cruel World,Freak,eune,europe
Arlon,BR547,br,americas
Ben VengaL,331,euw,europe
eftal,salvo,tr,europe
Andy Dufresne,free,euw,europe
O Rengar,Alpha,br,americas
ttv freshrengar,clean,na,americas
PYRRA HABIBI,YALLA,euw,europe
hidebush,3333,br,americas
The Kid LAROI,RVNG,euw,europe
Zed Abuser,Zed1,euw,europe
Zhane,TR1,tr,europe
CEO DO SETT,Duro,br,americas
watsonN,LAN,lan,americas
Hide on bush,FKR1T,eune,europe
Zolctor,7355,na,americas
shamoluotuo,003,kr,asia
U Never Loved Me,anna,na,americas
Laik Atak,TR11,tr,europe
GJKINGS,NA1,na,americas
LOVEBALANCETEAM,EUW,euw,europe
SUPERBEE,1234,na,americas
I Have STDs,66666,na,americas
Pemdas,NA2,na,americas
largely skilled,NA1,na,americas
guaguaking,2000,kr,asia
nebesa,0201,euw,europe
cheer 4 stonedyr,EUW,euw,europe
Driblekongen,EUW,euw,europe
swag otters gang,EUW,euw,europe
NEXUS2017,LAN,lan,americas
nikolav1234,EUNE,eune,europe
Natures Wrath,Beast,na,americas
Mori no Kage,1015,lan,americas
Verdict,9108,na,americas
Sander Frost,Cold,euw,europe
MATUE MUDINHO,br1,br,americas
fraze,123,euw,europe
VoidAvesta,EUW,euw,europe
L9 Dr House,MOG,euw,europe
uZmn,br1,br,americas
Nehemmiah,Stoic,br,americas
White Boy Summer,777,na,americas
Aekino,AVEL,euw,europe
BimboBomba,Lain,las,americas
fushen,Godyr,tr,europe
Covenant,zLSDz,eune,europe
NightyNN2,2222,euw,europe
Fat Cat Owner,NA1,na,americas
Khargon,MKS,tr,europe
Narkopolitiet,EUNE,eune,europe
ElmilloR eve acc,GORDO,euw,europe
Lenny from,EUW,euw,europe
Cleblorelm,9911,tr,europe
VACA MALA,6969,las,americas
Venus,zypp,kr,asia
Dtownkidz,NA1,na,americas
BRAZA,Udyr,br,americas
Cimension,LAN,lan,americas
MeEnvenena,888,eune,europe
Legends Hunter,LAN,lan,americas
lasthiro,LAN,lan,americas
Dragowski,034,na,americas
The HalloweeN,Hard,br,americas
MACHYMEK,NIlGA,eune,europe
Homme Poireaux,POIRO,euw,europe
nutellita,0000,las,americas
Kreve,lol,euw,europe
chronosrope,LAN,lan,americas
Urtan,EUNE,eune,europe
Daiwiky,br1,br,americas
Oldnamao,duro,br,americas
Udyr Sz4r,CGS,eune,europe
Hide on Wave,Nuuko,euw,europe
12Months,Year,na,americas
WingB0rneStorm,GODYR,euw,europe
Utchomfor,19495,euw,europe
BornToDemand,888,eune,europe
Seal,7415,na,americas
MMT Braza,Udyr,br,americas
Jordan Belfort,GOAT,euw,europe
fortidragon,1033,br,americas
Kemso,EUW,euw,europe
DeathShott,LAN,lan,americas
TPT Casanova,LAN,lan,americas
taru,001,euw,europe
Daydweller II,EUW,euw,europe
Paradise City,YNO,na,americas
Fanell,TR1,tr,europe
Promised Future,Suki,na,americas
Whitelies,tia,tr,europe
TRC Nidalee,LAN,lan,americas
KEVINRDC,LAS,las,americas
L9 RONDONUWU,4888,na,americas
KleinBrein,0172,euw,europe
DS Spirit Wolf,LAS,las,americas
Zilean OP,pihir,jp,asia
Coach Cesar,NA1,na,americas
LEVITICUS,0000,na,americas
CanPauseAlbino,Okami,na,americas
Crazy Halil,TR31,tr,europe
oh tengo suerte,8276,euw,europe
Giisuka,poop,euw,europe
36L9,EUW,euw,europe
Jellyfam,br1,br,americas
Zoro,ITA1,br,americas
Pernambucano,X9ZAT,las,americas
superpandafan37,NA1,na,americas
Odjebiesiezaraz,12340,eune,europe
GargantuanPPMan,EUW,euw,europe
Samallok,0001,br,americas
Gluttony,Tony,eune,europe
zurky,LAN,lan,americas
TuranKing,TR1,tr,europe
PEPE ARGENTO,0000,las,americas
Asta,TR118,tr,europe
Clunderson,NA1,na,americas
99872843del,KR1,kr,asia
Bobo,9132,euw,europe
Madhusito,BBTO,lan,americas
TTV debster,saj,euw,europe
Te meto el webo,SioNo,lan,americas
xia1,11111,kr,asia
OnlyGragasOnlyGG,kossu,euw,europe
Fellan,KRAMP,euw,europe
LovingUisSuicide,MK677,eune,europe
PanuGragoSloppy,KR1,kr,asia
Llioz,EUW,euw,europe
lLeDaSl,EUNE,eune,europe
Noksu,404,euw,europe
mary on a cross,TR1,tr,europe
deor,1122,br,americas
LikeGGBOOM9,KRR,kr,asia
Ellie,tgirl,eune,europe
wokyeto,WTH,eune,europe
Burrito,bomba,na,americas
Dificil desviar,cheat,br,americas
Bartus47,DOWN,eune,europe
Babushka,9239,euw,europe
TreyDog,NA1,na,americas
Trailblaze,Rails,na,americas
GRONKS YOLOSWAG,SJON,euw,europe
I Am Clancy,GRAGA,br,americas
Bilookinhas,BR2,br,americas
decay arc,EUW,euw,europe
guz1vjppr0kut3,2810,kr,asia
htsjbngk,1234,na,americas
2 RBWH D,DK1,kr,asia
Khanzee,5001,na,americas
Misty,5041,ru,europe
BDS 113,113,euw,europe
dawnwarrior506,crayo,na,americas
slow,1118,kr,asia
Fam,kr2,kr,asia
xeonerr,EU1,euw,europe
xrhmleh,NA1,na,americas
PlayTheBazzi,KR2,kr,asia
Boukada,EUW,euw,europe
qweasdzxcvbn1,yrrw,kr,asia
Samuel Smithers,616,euw,europe
Luv maker,KR1,kr,asia
William Kid,Capt,kr,asia
Slezynen,kebab,euw,europe
Femboy Agitprop,meow,na,americas
Kania,krkr,euw,europe
amethyst,trans,lan,americas
ikun ikun,KR1,kr,asia
Zanzarah,1996,euw,europe
pepi,supp,na,americas
oKyler1,NA1,na,americas
Carnage,KR08,kr,asia
Haukrog,EUW,euw,europe
T1 Painter,KR33,kr,asia
Bukayo Saka,COYGB,euw,europe
OB8 Giroud,EUW,euw,europe
2008 12 19,JUG,kr,asia
Langman,6666,kr,asia
xxxbelmontation,BR2,br,americas
EloBuddler,Mole,euw,europe
Willy Woodinson,chill,euw,europe
Shout Baby,0123,kr,asia
Pipeey zyra acc,Cnjoy,euw,europe
IlllIIlIIIIIIlII,EUW,euw,europe
dr choclate,sugar,euw,europe
Moon,S 2,kr,asia
wakanda for0ner,rito,kr,asia
stand or die,KR123,kr,asia
BrixZzZ,EUW,euw,europe
timeeGER,EUW,euw,europe
Conflict,LAN,lan,americas
Minerva,IDL,br,americas
EL MATADOR JANIS,WARDA,euw,europe
Monsieur Muscle,FAT,euw,europe
Tweek,opzz,euw,europe
Khanzee,5000,na,americas
NemonFly,EUW,euw,europe
Clareetz,0002,na,americas
kurkkumopokalle,fent,euw,europe
Lock in bro,Nor,euw,europe
ENNA,3en1,euw,europe
Azhy,Bzzzz,las,americas
yMLester,EUW,euw,europe
Good110,CUMIN,euw,europe
Fella,Alone,na,americas
II BARVOK II,REAL,eune,europe
GHOSTSKULL,021,br,americas
Bw1u,KR1,kr,asia
LucyKushinada,Daver,lan,americas
Dragglur,1345,ru,europe
321318376123,32132,euw,europe
kicktv kayngod,rank2,tr,europe
zyqx,MOGS,euw,europe
Mecqq,0815,euw,europe
Bel Veth X,0312,kr,asia
Aluixa,Back,tr,europe
Brenin88,L9H3,br,americas
Solded,EUW12,euw,europe
Seonsu,Noula,euw,europe
Freetoxduzoo,3259,euw,europe
Anthony Davis,BBC,na,americas
ordersuikast,0001,euw,europe
HAHA JOKER HAHA,DXG,eune,europe
Tanked,467,lan,americas
caddefiftyninea,59A,euw,europe
BoomerVsZoomers,961,euw,europe
DyZzo La Dozette,5548,euw,europe
Summoners Rift,Rank1,eune,europe
JMGG Drago,JNGL,euw,europe
Expo,BR01,br,americas
Carl Johnson,SMOKE,las,americas
Sillycool,0182,euw,europe
All things end,Verox,eune,europe
twtv ExpectedLoL,NA1,na,americas
Vesani,CHARM,na,americas
NeoCalypso,EUW,euw,europe
D X S S,748,euw,europe
le reptile vert,EUW,euw,europe
ss1,9145,jp,asia
Frope,demon,eune,europe
D1Sc0rd,KR1,kr,asia
GOLEM DE CACA,OFGW,euw,europe
Lozux,xdd,euw,europe
Nirvana,ef1ty,euw,europe
cinema,707,na,americas
EGO,JGGAP,las,americas
LlamaDemon,NA1,na,americas
Life is Real,MaxXx,ru,europe
WarriorOfChrist2,Lord,na,americas
Browning,COMP,na,americas
niseeL,0220,kr,asia
spartarcuse,EUW,euw,europe
thefirstchurtle,EUW,euw,europe
Howey,Void,br,americas
JanerJoestar,EUW,euw,europe
mtnollej v9,TTV,euw,europe
Zheir,0708,br,americas
Matthew Mzizi,BOOT,euw,europe
Eh3,EUW,euw,europe
SPG Sapitolegend,SPG,las,americas
2TR,EUNE,eune,europe
fresh rust,1  7,euw,europe
FINAL ROTATION,JGOD9,ru,europe
U Say Ur Horse,NA1,na,americas
PinkGoat,Axes,lan,americas
ROUTE REAPER,WINv9,ru,europe
MELANCHOLIA,LXST,tr,europe
DEATHS TRAIL,HNTER,ru,europe
ADC,0214,kr,asia
YeQuan,hhh,kr,asia
oX1E,333,kr,asia
mrqzzzz,zzzz,kr,asia
madara,242,euw,europe
Pray,7 5,jp,asia
accepting facts,euw12,euw,europe
5ian,5sz,lan,americas
KINH,NA67,na,americas
Katakuri,Kun1,kr,asia
Karina,Real,euw,europe
lyoto machida,bjj,br,americas
76c7dc7c,9160,na,americas
oebfjof,EUW,euw,europe
nino abravanel,noego,br,americas
apple1,999,kr,asia
JNG KING,KING,euw,europe
Nurf,EUW,euw,europe
Luc1k,CN1,kr,asia
TheDuke1976,LAS,las,americas
smurfdomuca,BR000,br,americas
Akantris,EUW,euw,europe
Aeidios,NA1,na,americas
naero,42249,na,americas
PolishRug,ina,na,americas
senzawa,JP1,jp,asia
Tionstone,651,na,americas
SrDragonn,BR84,br,americas
wwnruycf,NA1,na,americas
ELO FKIN SANTA,KR1,kr,asia
pet boy,fai,euw,europe
FavoreUenalbad,5999,las,americas
JokaGamerHD,EUNE,eune,europe
Sheng si wu ju,1111,kr,asia
Pardo 21cm,br1,br,americas
DH MERCHANT,NA2,na,americas
Berghain,BR1,br,americas
WhagWhag,KR1,kr,asia
Du li zi zhu,4678,kr,asia
Over,CN1,euw,europe
Meito,Piper,br,americas
Shadow Strike,EUW12,euw,europe
Farthus,Fart,na,americas
2006,jug,kr,asia
doruqueota,deni7,eune,europe
Insightful,6000,euw,europe
Malevolence,HAZE,euw,europe
Ela me traz paz,BR1,br,americas
regate,EUW3,euw,europe
the promise,starz,las,americas
NoMoreExcuse,LLA,lan,americas
EloBuddler,Mole,euw,europe
Prince,2022,na,americas
MericPasha,TR1,tr,europe
Art of Velocity,001,euw,europe
Lucradrase,EUW,euw,europe
MonaLizaLysara,EUNE,eune,europe
Macaco Dardo,Bigod,br,americas
Lord Knight,LK2,lan,americas
Zam3k,123,eune,europe
LukiX96,EUNE,eune,europe
Viroxx,EUNE,eune,europe
Beerus,Solo,euw,europe
Stokky,EUW,euw,europe
Sinyi,Drake,lan,americas
Racinguh,EUW,euw,europe
jjMiranda,BR1,br,americas
LilySua,OwO,kr,asia
keinerrr,shy,las,americas
Sukran Reborn,lov,euw,europe
Shyvadi,0000,na,americas
Wenceslau,BR2,br,americas
Final Prince,EUW,euw,europe
Jankoks,EUNE,eune,europe
Grey KDA,EUW,euw,europe
HIHIHIIHIHHIHIXD,enjoy,euw,europe
Beermans,EUW,euw,europe
Klas,KLS,tr,europe
Jesbar,LAN,lan,americas
LionSSin,EUNE,eune,europe
Butti,LAN,lan,americas
Bamboulita,RU1,ru,europe
GG DlFF JG,LAS,las,americas
Terrorist Rengar,Kedy,tr,europe
kuchensalate,EUW,euw,europe
Folker,Duke,euw,europe
Satellite Flight,JP1,jp,asia
Szatyn,EUN3,eune,europe
TheEggMen,NA1,na,americas
elbowser38,EUW,euw,europe
CC Relrax,Shyva,euw,europe
Silleoda,EUW,euw,europe
dianasmurf,9035,euw,europe
STARVING AFRlCAN,NA1,na,americas
RoteMilkakuh,MUH,euw,europe
NaPewnoNieFrago,FRAGO,eune,europe
twtv wtsky,NA1,na,americas
Erlang,GOD,lan,americas
big nose,okno,euw,europe
CeoChaos,Pal,euw,europe
Sweet Stylish,br1,br,americas
Maccer VM,EUNE,eune,europe
tssuki,tsuki,eune,europe
Shyvana Demon,Smurf,na,americas
kehaq,EUNE,eune,europe
AEScoreIsNothing,EUW,euw,europe
Blame Jungle,247,na,americas
KrazyGaron,NA1,na,americas
Ger5 StPatrick,EUW,euw,europe
Giben,Boedo,las,americas
DarkN3bunu,EUNE,eune,europe
cite Magma,EUW,euw,europe
exboker,LAS,las,americas
MissNatka03,2137,eune,europe
TDAHansioso,OLD,br,americas
Panda Travels,EUW,euw,europe
Biskeyy,364,euw,europe
carozo44,LAS,las,americas
Yami,EUW9,euw,europe
FoxfireBR,br1,br,americas
Jdex,LAN,lan,americas
Carry IRL,EUNE1,eune,europe
Val0sh T0pTrue,VTT,euw,europe
F U S E R 1,KING,eune,europe
AskMeAboutJesus,CARTI,na,americas
Smaiisran,NA1,na,americas
L9 Rammus,1945,br,americas
Max Verstappenn,TR1,tr,europe
BR Lord Semi,NA2,na,americas
SerexOficial,LAN,lan,americas
Aidamatiela,6071,na,americas
SneakTiefling,6090,br,americas
DarkVIII,EUNE,eune,europe
Argemon,CBLoL,br,americas
Chilly,8635,las,americas
Hardu,Hardu,br,americas
Twitch Lord Semi,br1,br,americas
joaomitoHU32,br1,br,americas
OkaaaaaaaaaaaaY,El3Q,euw,europe
jungla fitness,LAS,las,americas
QRolling Stoner,EUW,euw,europe
GUSTAVOPIKATORTA,br1,br,americas
i still hate you,br1,br,americas
SweetMarcellus,Sweet,lan,americas
rac,OK1,br,americas
Riammus,br1,br,americas
Cavari,BR1,br,americas
Sultan892,3mk,euw,europe
King Rammus,WRUMM,euw,europe
RAMMUS 1431 LP,JUNG,euw,europe
ITS NOT OVER,IWIN,br,americas
70oda,EUNE,eune,europe
TTVdinocampara,EUNE,eune,europe
D3ddy,EUW,euw,europe
PaiDeFamilia,9216,br,americas
Tsekouris,EUNE,eune,europe
7229149392119,v n,br,americas
prokrzys,EUNE,eune,europe
HandsomeBoyy,EUNE,eune,europe
MuitoDemorado,3353,br,americas
Moosenaski,111,na,americas
BabyMetal,5152,na,americas
xazamaras3,EUNE,eune,europe
VitaminKabugunda,TR1,tr,europe
mawo,123,ru,europe
Gombath,EUW,euw,europe
Sanes,TR1,tr,europe
Ghost of Sparta,2323,lan,americas
Baba Yaga,GFTN,eune,europe
Cwzera,br1,br,americas
Mendokuse,1406,tr,europe
NEG FOR THE WIN,NEG,br,americas
Zurg,Kass,na,americas
Shadow,0396,na,americas
EnkuleurdOursins,EUW,euw,europe
Kiru,2533,kr,asia
Xi Jinping,5575,euw,europe
xazamaras4,EUNE,eune,europe
Nunu e Willump,brr,br,americas
LeaningTable 2,NA1,na,americas
megamozok,RU1,ru,europe
LeDiiable,EUW,euw,europe
JOZIK,GSK,ru,europe
RamMyAss,RAM,na,americas
Joker day,LAS,las,americas
Eighteen of May,Y4GoD,br,americas
Zeuce,NA1,na,americas
lost and empty,111,euw,europe
No Pain No Kayn,1055,euw,europe
daychen06,EUW,euw,europe
ESTRELLA GALICIA,OTP,euw,europe
BookiLol,OP1,na,americas
SiGMA MOGGiNS,net,euw,europe
FH GELDAY,DAY,lan,americas
32h49vw838c3s432,ALT,br,americas
Xianfazhiren,0202,kr,asia
Lil Blansko,67801,euw,europe
Eu Como Ministro,LVS,br,americas
chaaz47,1337,euw,europe
Blender,Blend,jp,asia
Wakunya,JGL,euw,europe
MaSaa,2002,euw,europe
sExpecto,PTRNM,tr,europe
INTP,0645,kr,asia
LOADED,99999,tr,europe
Jeremie Frimpong,JGL,euw,europe
PERMA RESIDE1,seoul,kr,asia
RCS Akashi,041,euw,europe
Steve Jackson,NA1,na,americas
Fear OF God,NOah,las,americas
Lancelot,KR11,kr,asia
N0th1ng2Lose,TR1,tr,europe
Arp,ilyv,euw,europe
Proez,EUNE,eune,europe
Matel,GAP,eune,europe
AgostinhoBalada,Dez,br,americas
Hollow Knight,Hygon,euw,europe
FelpsPN,br1,br,americas
Hunter,Bush,euw,europe
Theocacs,EUW,euw,europe
Epilogue for you,EP1,kr,asia
Certified Turtle,Plask,euw,europe
Dinastia Yang,86GT,br,americas
GJKINGS,NA1,na,americas
FifiRifi99,EUNE,eune,europe
gaga,apt,kr,asia
JazzzzHands,NA1,na,americas
Aiobahn,Lover,lan,americas
BYOD Poro,jgl,euw,europe
Jugger,333,br,americas
Skewm ou ta mere,SKEWW,euw,europe
Csontika,EUNE,eune,europe
Woldjo,2005,euw,europe
ALE GENTILEZA,cana,br,americas
PMR Sousa13,PMR,euw,europe
Levizin,Isa,br,americas
FartInspector,F4rt,euw,europe
DANIELLARSONFANS,05621,na,americas
SPG Sapitolegend,SPG,las,americas
ThePack21,KRA,euw,europe
Fel,Fire,na,americas
Ahsokaa,EUW,euw,europe
gaman,7897,jp,asia
KAWAII BAAAKA,ALULA,euw,europe
LFT Myunseo,LFT,kr,asia
bot gap victim,456,euw,europe
GLB Skarnerotto,Edo,euw,europe
Razer,01221,jp,asia
cute xin,0912,kr,asia
EpicDistortion,NA1,na,americas
PILLSIS,8941,eune,europe
Guigas,Show,br,americas
PALKIOGRE2,PK2,euw,europe
Aurelion Sol God,EUW,euw,europe
FVN Akihito,uwu,br,americas
Albert Camus,verde,br,americas
Maestria oculta,br1,br,americas
Awtee,eepy,eune,europe
JiPPii,NA1,na,americas
KayleMeMaybe,IVERN,eune,europe
DonTouchMyBells,EUNE,eune,europe
VIGGRR,0423,na,americas
Mayipsum,OM10,euw,europe
AkiraSpeedRacer,NA1,na,americas
jamican banana,NA1,na,americas
Anekc,EUNE,eune,europe
ScarleyQuinn,7777,ru,europe
ckckc,00000,jp,asia
IvernDevil,devil,euw,europe
Cache,MVA,lan,americas
GeorgeBushcamp,NA2,na,americas
Tommy Angelo,Y1932,euw,europe
DavidTheGuy,NA1,na,americas
Pai do Verde,uwu,br,americas
neverbrokeagain,1910,br,americas
fritz,3333,euw,europe
apolo,julia,br,americas
UGLY BASTARD,bomba,na,americas
MEOC,LAN,lan,americas
sanspareil4,SPGG,kr,asia
Scolietis,NA1,na,americas
Pernix,4444,lan,americas
meiyo,928,tr,europe
gaman,7897,jp,asia
antonygs,LAS,las,americas
mierenneuker,kkr,euw,europe
no ego passion,0ego,br,americas
Yami,EUW9,euw,europe
FartInspector,F4rt,euw,europe
IvernGod,God,euw,europe
beastmaster,1919,na,americas
Ivern de Moto,BR341,br,americas
Usogui,2631,euw,europe
Observer T,KR1,kr,asia
Light in August,KR1,kr,asia
Tucolini,1111,las,americas
Reminisce,MOKA,jp,asia
Eilay,XYZ,eune,europe
fut pl1 2 kk,KAKA,euw,europe
Friend of Forest,Ivern,na,americas
Joshihammer,IVERN,euw,europe
Korean Ivern,EUNE,eune,europe
Red block,999,euw,europe
ARBOL VAAAAAA,TROPA,euw,europe
9 minors 1 ivern,ggg,euw,europe
DawnGardener,329,kr,asia
ImaMango,GHT,euw,europe
kidbeatz,BBW,na,americas
Samuelz,EUW,euw,europe
SnusTobak,VELO,euw,europe
ivern kitten,NA1,na,americas
Xeero,NA1,na,americas
merrjerry,NA1,na,americas
NoRoo,T 1,kr,asia
Nicktron is Iove,EUNE,eune,europe
garbocan,ivern,na,americas
1Natth,LAS,las,americas
Koscamton,6036,euw,europe
ReportMySupport,1312,eune,europe
keep walking,6338,eune,europe
i love bad girls,EUW,euw,europe
Trivial,KR1,kr,asia
Hage,00000,euw,europe
Tofu,10MG,tr,europe
soy moco,LAS,las,americas
ActuallyLetsOpen,EUW,euw,europe
Yldz,2416,euw,europe
zmywara666,EUNE,eune,europe
Desti,JGL,euw,europe
KokoLoL,Twtv,na,americas
Empoe,666,eune,europe
Ustanak,LAS,las,americas
les moy xram,EUW,euw,europe
JovanCastillo,pdf,na,americas
Mayday,Vet,na,americas
exzoreren,007,euw,europe
Ekkopi,Copal,na,americas
togepi,soft,na,americas
Jungle Teh Bekri,REK,euw,europe
beikaku1,KR1,kr,asia
you borgor xd,EUW,euw,europe
Top de Rek,000,br,americas
Tutu,BR2,br,americas
love story,0132,kr,asia
RekSaiyajin,77777,euw,europe
dia 4 gatekeeper,TR1,tr,europe
wdywfm,LAS,las,americas
Levent 4cs pm XD,enjoy,euw,europe
el topo,mole,na,americas
Reuss,999,las,americas
SCGL,BTC,euw,europe
Mojie23,EUW,euw,europe
Kross,NA12,na,americas
Narua,EUW,euw,europe
Vnas,000,kr,asia
NDJ,7096,na,americas
Wreck Sigh,89P13,eune,europe
Hatts,NIDA,las,americas
punkinpancakes,NA1,na,americas
hqwe,7262,kr,asia
1Besty,1111,euw,europe
DisabledRek,Sai,euw,europe
twtv mammon,konfi,eune,europe
Sanjaya z Lehii,JSM,euw,europe
War Of Egos,Souls,euw,europe
Predator,J G,kr,asia
TheSkyfallsforme,Rin,na,americas
Solomon,xyi,na,americas
Danio,LAS,las,americas
DayuTolkoGnomam,Kek,euw,europe
tchokez,EUW,euw,europe
TENGRIR,TR1,tr,europe
SaycO5,LAN,lan,americas
Will,Spys,euw,europe
MARCINATOR,KOX,eune,europe
Fberg,EUW,euw,europe
Grimmjow,5380,tr,europe
ImaMango,GHT,euw,europe
Real Rakao,5648,euw,europe
Windy,1212,kr,asia
ChestbicepsS,EUW,euw,europe
CLEDE100CALClNHA,1234,br,americas
Kanzaki,KR7,kr,asia
Barron9,NA1,na,americas
Selected,111,las,americas
ABYSS PURSUER,H9999,euw,europe
MUITONOJODEGORDA,LGTV,br,americas
tp9,KR1,kr,asia
mbGvq7MsdGwQ4Yp9,KR1,kr,asia
gigachad820,EUW,euw,europe
Zheyss,LAS,las,americas
SpinninsuGG,EUNE,eune,europe
Erukam,EUW,euw,europe
Dansband,EUW,euw,europe
2813691419485984,KR1,kr,asia
SLIME,GGWP,na,americas
SG Thanatos,221b,br,americas
eXoValdo,EUW,euw,europe
The Dylan,NA1,na,americas
VAL 12 Bala,157,br,americas
by chance,1996,kr,asia
Special Kay,NA1,na,americas
Qube,NA1,na,americas
Just Japa,br1,br,americas
Legachi,TR35,tr,europe
Ukiyo,1796,euw,europe
Takashl,BR1,br,americas
KTM Jiren,EUW,euw,europe
FN FAL,LAS,las,americas
bobik336,pro,euw,europe
Shrek,Zlobr,eune,europe
lastchance,nmsl,kr,asia
Bigluck,BBQ,kr,asia
INT Restin,INT,euw,europe
ViMyQueen,HOT,euw,europe
BLACK CAT,PIZZA,las,americas
davidvt8,LAS,las,americas
Sabado No Duermo,SICK,las,americas
Suzy,Yezi,eune,europe
HeadPopper420,8921,euw,europe
AnteQ7,EUNE,eune,europe
Midkai,SEIVA,br,americas
PEL Schnutel,EUW,euw,europe
MarioMp3000,EUNE,eune,europe
No92,KR1,kr,asia
Ubitt,KR1,kr,asia
El porrito,LAN,lan,americas
iyuke,EUW,euw,europe
IG Rookie,GOATI,euw,europe
SusuLove,1314,euw,europe
MARIABECERRA FAN,MACA,euw,europe
NeoLight,BR1,br,americas
taliya,810,kr,asia
Ferret25,8725,euw,europe
toxin,123,tr,europe
mannis,2234,tr,europe
Never ez,KR1,kr,asia
Randal KoloMuani,Goat,euw,europe
Zorka,FREE,euw,europe
Jumiro,19AGE,br,americas
XiaoDanny,100,na,americas
MIDKING,kkkk,euw,europe
outmind,TR1,tr,europe
DustFate Toilet,LFT,euw,europe
Mufasa Jungle,KING,eune,europe
xXnoobmidCzXx,nula,euw,europe
Will,NA12,na,americas
G2 Caps,1323,euw,europe
Rocky Road,BOOM,eune,europe
FL LittleRet,BR10,br,americas
noon,030,las,americas
K1tava Fangirl,EUW,euw,europe
DaBalinha777,br1,br,americas
SrFakerDoCongo,br1,br,americas
soso,6669,kr,asia
NightZo,EUW,euw,europe
Zoe 1,LAN,lan,americas
stoned,1mac,las,americas
Jaehaerys I,BR123,br,americas
taliyah,0411,kr,asia
DustFate,LFT,euw,europe
zzm1ng,EUW,euw,europe
huanye,521,kr,asia
Jakimbo,MF1,na,americas
Raycovel,NA1,na,americas
Altyl,NOUR,na,americas
Little Giant,Dyenn,euw,europe
Falco Zen,EUW,euw,europe
Ashborn,520,na,americas
Masutadooo,EUW,euw,europe
Sofia DiNozzo,LAS,las,americas
Qalbestyna,EUW,euw,europe
vivienne westwoo,nana,na,americas
fantomisto,MID,euw,europe
tempmonk,7777,euw,europe
Hjustons,2313,euw,europe
DenX,157,lan,americas
WX xnylh7142,pwdl,kr,asia
SOUSBALLON,212,euw,europe
Asa mitaka,7863,euw,europe
Bissejr15,EUW,euw,europe
